Student,Grade,Feedback count,HW6,HW11,First_opened_mean_HW,Online,Preference,Both,Viewed_lecture_1_materials,Viewed_lecture_2_materials,Viewed_lecture_3_materials,Viewed_lecture_4_materials,Viewed_lecture_5_materials,Viewed_lecture_6_materials,Viewed_lecture_7_materials,Viewed_lecture_8_materials,Viewed_lecture_9_materials,Viewed_lecture_10_materials,Viewed_lecture_11_materials,Viewed_lecture_12_materials,Viewed_lecture_13_materials,Viewed_lecture_14_materials,Viewed_lecture_15_materials,Viewed sample solutions of Homework,Viewed past years' exam,Viewed sample solutions,Watched,Total_activity_week_1,Total_activity_week_2,Total_activity_week_3,Total_activity_week_4,Total_activity_week_5,Total_activity_week_6,Total_activity_week_7,Total_activity_week_8,Total_activity_week_9,Total_activity_week_10,Total_activity_week_11,Total_activity_week_12,Total_activity_week_13,Total_activity_week_14,Total_activity_week_15,Total_activity_week_16,Total_activity_week_17,Total_activity_week_18,start_before_HW1,start_before_HW2,start_before_HW3,start_before_HW4,start_before_HW5,start_before_HW6,start_before_HW7,start_before_HW8,start_before_HW9,start_before_HW10,start_before_HW11,start_before_HW12,submit_before_HW1,submit_before_HW2,submit_before_HW3,submit_before_HW4,submit_before_HW5,submit_before_HW6,submit_before_HW7,submit_before_HW8,submit_before_HW9,submit_before_HW10,submit_before_HW11,submit_before_HW12,start_average,submit_average,start_time_HW1,start_time_HW2,start_time_HW3,start_time_HW4,start_time_HW5,start_time_HW6,start_time_HW7,start_time_HW8,start_time_HW9,start_time_HW10,start_time_HW11,start_time_HW12,study_night_final2,study_night_final_retake
A001,4.0,24,3,6,3.3333333333333335,1,0,1,41,5,9,8,8,8,9,10,12,6,10,8,7,3,1,16,0,16,0,3.0,3.0,1.0,7.0,22.0,12.0,19.0,6.0,12.0,10.0,4.0,27.0,12.0,11.0,16.0,15.0,9.0,0.0,5,4,4,1,5,4,0,1,0,1,5,-1,1,0,0,0,0,0,0,0,0,0,0,-1,2.4166666666666665,0.0,25.0,25.0,25.0,25.0,25.0,25.0,13.926111111111112,25.0,11.549166666666668,25.0,25.0,-1.0,0,0
A002,6.0,51,9,4,5.083333333333333,6,0,1,37,8,9,5,6,4,7,8,8,5,10,9,4,3,3,2,1,2,3,0.0,5.0,6.0,6.0,12.0,19.0,6.0,8.0,15.0,25.0,14.0,9.0,26.0,13.0,28.0,4.0,14.0,0.0,4,2,4,8,7,2,5,4,4,3,9,10,4,0,3,1,6,1,0,0,0,3,6,-1,5.166666666666667,1.9166666666666667,25.0,25.0,25.0,25.0,25.0,25.0,25.0,25.0,25.0,25.0,25.0,25.0,0,0
A003,0.0,3,0,0,7.75,1,1,1,6,7,3,3,1,1,0,0,0,0,0,0,0,0,0,0,0,0,7,4.0,8.0,2.0,8.0,11.0,7.0,3.0,0.0,0.0,0.0,0.0,0.0,0.0,0.0,0.0,0.0,0.0,0.0,10,7,7,7,-1,-1,-1,-1,-1,-1,-1,-1,0,0,0,-1,-1,-1,-1,-1,-1,-1,-1,-1,1.9166666666666667,-0.75,25.0,25.0,25.0,25.0,-1.0,-1.0,-1.0,-1.0,-1.0,-1.0,-1.0,-1.0,0,0
A004,2.0,53,4,8,5.909090909090909,1,1,2,59,11,8,13,8,4,6,11,12,10,9,8,7,4,5,7,1,8,17,22.0,8.0,5.0,20.0,12.0,13.0,18.0,5.0,26.0,5.0,3.0,22.0,38.0,9.0,20.0,15.0,37.0,6.0,10,7,11,18,1,3,1,2,0,5,2,5,0,0,0,0,0,0,0,0,0,0,0,0,5.416666666666667,0.0,25.0,25.0,25.0,25.0,25.0,25.0,25.0,25.0,12.033333333333333,25.0,25.0,25.0,0,0
A005,6.0,124,7,9,8.416666666666666,4,0,2,88,5,8,9,8,8,7,4,5,11,14,16,14,17,11,13,3,19,3,5.0,5.0,8.0,14.0,22.0,12.0,10.0,19.0,4.0,45.0,14.0,20.0,28.0,25.0,46.0,70.0,51.0,1.0,9,11,12,15,10,4,11,8,1,6,7,7,6,5,1,0,3,2,1,0,0,0,4,0,8.416666666666666,1.8333333333333333,25.0,25.0,25.0,25.0,25.0,25.0,25.0,25.0,25.0,25.0,25.0,25.0,0,0
A006,3.0,124,7,6,7.916666666666667,0,1,1,84,10,11,10,16,17,11,14,18,13,13,22,12,10,5,18,4,21,9,6.0,2.0,5.0,5.0,23.0,19.0,16.0,8.0,21.0,39.0,8.0,27.0,31.0,24.0,37.0,68.0,38.0,2.0,4,4,1,4,5,4,11,8,12,16,14,12,0,0,0,0,0,0,0,0,0,0,0,0,7.916666666666667,0.0,25.0,25.0,25.0,25.0,25.0,25.0,25.0,25.0,25.0,25.0,25.0,25.0,0,0
A007,3.0,13,2,2,2.0,1,0,1,39,9,11,6,7,6,3,7,6,4,10,5,9,1,1,9,3,9,11,1.0,0.0,6.0,2.0,12.0,11.0,12.0,0.0,20.0,13.0,1.0,9.0,10.0,2.0,9.0,49.0,0.0,0.0,1,0,0,0,0,3,0,0,0,0,0,-1,1,0,0,0,0,3,0,0,0,0,0,-1,0.25,0.25,25.0,3.255555555555553,2.4224999999999994,3.1405555555555544,4.418333333333333,25.0,3.0919444444444473,10.872222222222222,4.207222222222221,4.251111111111111,0.5311111111111124,-1.0,0,0
A008,6.0,33,4,3,4.583333333333333,0,1,1,26,1,2,1,0,0,2,1,4,5,7,3,5,3,3,7,1,8,16,5.0,2.0,0.0,7.0,10.0,4.0,8.0,8.0,8.0,11.0,10.0,15.0,8.0,18.0,26.0,8.0,3.0,0.0,6,3,1,2,5,6,3,2,3,3,9,12,6,3,1,2,5,6,3,2,3,3,9,10,4.583333333333333,4.416666666666667,25.0,25.0,25.0,25.0,25.0,25.0,25.0,25.0,25.0,25.0,25.0,25.0,0,0
A009,1.0,14,4,0,4.8,0,1,1,39,6,7,4,7,8,8,4,4,3,5,4,2,9,5,4,9,10,2,5.0,1.0,5.0,2.0,5.0,3.0,15.0,3.0,4.0,53.0,5.0,2.0,4.0,0.0,0.0,0.0,12.0,57.0,7,9,-1,-1,3,1,-1,4,-1,-1,-1,-1,7,-1,-1,-1,-1,-1,-1,-1,-1,-1,-1,-1,1.4166666666666667,-0.3333333333333333,25.0,25.0,-1.0,-1.0,25.0,25.0,-1.0,25.0,-1.0,-1.0,-1.0,-1.0,1,0
A010,0.0,5,0,0,1.0,1,0,1,2,1,0,0,0,0,0,0,0,0,0,0,0,0,0,1,0,1,0,3.0,2.0,0.0,2.0,5.0,2.0,6.0,0.0,0.0,0.0,0.0,0.0,0.0,0.0,0.0,0.0,0.0,0.0,1,0,0,0,-1,-1,-1,-1,-1,-1,-1,-1,0,0,0,-1,-1,-1,-1,-1,-1,-1,-1,-1,-0.5833333333333334,-0.75,25.0,2.7280555555555566,5.468333333333334,12.850555555555555,-1.0,-1.0,-1.0,-1.0,-1.0,-1.0,-1.0,-1.0,0,0
A011,2.0,48,6,5,2.142857142857143,7,0,2,32,2,4,6,9,4,2,2,5,2,6,7,5,4,6,10,2,15,4,3.0,2.0,0.0,9.0,6.0,10.0,10.0,12.0,4.0,10.0,3.0,6.0,11.0,13.0,10.0,40.0,8.0,21.0,2,8,1,0,0,1,1,1,0,1,0,0,0,0,0,0,0,0,0,0,0,0,0,0,1.25,0.0,25.0,25.0,25.0,14.11138888888889,4.73,25.0,25.0,25.0,4.520277777777778,25.0,7.916666666666668,2.8036111111111097,1,0
A012,3.0,8,2,0,5.0,0,1,1,28,1,2,1,7,5,4,2,5,3,5,5,3,5,3,1,6,11,0,2.0,1.0,2.0,2.0,5.0,2.0,7.0,1.0,1.0,2.0,0.0,2.0,3.0,0.0,0.0,2.0,0.0,22.0,9,1,0,0,0,0,0,0,-1,-1,-1,-1,9,0,0,0,-1,-1,0,0,-1,-1,-1,-1,0.5,0.25,25.0,25.0,1.5402777777777779,0.6741666666666681,0.919722222222223,1.4586111111111109,3.0841666666666683,0.6627777777777801,-1.0,-1.0,-1.0,-1.0,0,1
A013,2.0,5,3,1,3.1666666666666665,0,1,1,17,7,8,5,11,3,3,3,7,4,2,1,4,1,1,22,6,26,4,3.0,1.0,0.0,6.0,22.0,0.0,3.0,0.0,4.0,18.0,0.0,4.0,2.0,0.0,1.0,71.0,1.0,0.0,1,4,7,1,1,5,0,0,-1,0,0,-1,0,0,7,-1,-1,-1,-1,-1,-1,-1,-1,-1,1.4166666666666667,-0.16666666666666666,25.0,25.0,25.0,25.0,25.0,25.0,12.751111111111111,23.817777777777778,-1.0,0.5069444444444429,5.694722222222222,-1.0,0,0
A014,2.0,9,2,3,5.0,1,1,2,33,16,12,14,5,6,4,5,7,3,8,7,5,2,0,4,0,5,8,4.0,5.0,1.0,9.0,26.0,15.0,3.0,1.0,10.0,15.0,1.0,14.0,18.0,9.0,12.0,3.0,1.0,1.0,6,5,7,6,2,4,0,1,2,0,7,10,1,0,0,0,0,0,0,-1,-1,-1,0,-1,4.166666666666667,-0.25,25.0,25.0,25.0,25.0,25.0,25.0,8.549722222222224,25.0,25.0,14.804444444444444,25.0,25.0,0,0
A015,5.0,53,6,5,11.416666666666666,2,1,2,104,22,17,12,10,14,15,16,20,15,21,24,10,11,6,36,3,45,5,6.0,8.0,3.0,17.0,30.0,16.0,15.0,32.0,40.0,46.0,26.0,37.0,13.0,35.0,44.0,33.0,15.0,8.0,10,9,11,12,12,12,11,11,12,12,14,11,0,0,5,10,1,0,0,0,0,0,0,-1,11.416666666666666,1.25,25.0,25.0,25.0,25.0,25.0,25.0,25.0,25.0,25.0,25.0,25.0,25.0,0,0
A016,3.0,15,1,1,0.0,1,1,2,18,4,3,3,1,1,3,3,6,4,2,2,2,2,1,16,4,20,1,5.0,5.0,3.0,2.0,7.0,8.0,4.0,2.0,3.0,0.0,0.0,3.0,0.0,0.0,50.0,11.0,11.0,8.0,0,0,0,0,-1,-1,-1,-1,-1,0,-1,-1,0,-1,0,0,-1,-1,-1,-1,-1,0,-1,-1,-0.5833333333333334,-0.6666666666666666,1.1141666666666659,0.7875000000000014,3.923055555555557,12.164722222222222,-1.0,-1.0,-1.0,-1.0,-1.0,1.68472222222222,-1.0,-1.0,0,0
A017,6.0,41,4,6,3.125,0,1,1,88,10,13,10,5,8,12,11,8,6,14,16,20,13,10,2,6,9,3,5.0,1.0,8.0,9.0,4.0,14.0,8.0,9.0,30.0,24.0,5.0,15.0,12.0,16.0,21.0,9.0,51.0,17.0,8,8,2,0,2,1,0,0,1,0,1,2,1,0,0,0,0,0,0,0,0,0,0,0,2.0833333333333335,0.08333333333333333,25.0,25.0,25.0,7.484166666666667,25.0,25.0,7.989999999999998,6.865277777777777,25.0,9.948888888888888,25.0,25.0,0,0
A018,4.0,39,9,2,6.416666666666667,3,1,2,48,4,15,8,6,9,7,10,7,4,5,10,14,9,4,37,3,45,8,3.0,1.0,6.0,8.0,23.0,17.0,12.0,7.0,21.0,47.0,9.0,13.0,16.0,15.0,33.0,22.0,7.0,0.0,7,7,1,6,10,4,11,2,7,4,14,4,0,0,0,0,0,0,0,0,0,0,-1,-1,6.416666666666667,-0.16666666666666666,25.0,25.0,25.0,25.0,25.0,25.0,25.0,25.0,25.0,25.0,25.0,25.0,0,0
A019,2.0,67,9,3,9.25,2,1,2,60,14,10,11,13,15,11,7,13,9,5,6,4,5,13,16,8,22,11,10.0,13.0,2.0,12.0,20.0,14.0,7.0,11.0,19.0,54.0,7.0,1.0,21.0,12.0,9.0,61.0,20.0,33.0,5,8,7,14,11,11,7,1,7,14,14,12,4,0,3,8,1,1,0,0,0,7,14,9,9.25,3.9166666666666665,25.0,25.0,25.0,25.0,25.0,25.0,25.0,25.0,25.0,25.0,25.0,25.0,1,0
A020,2.0,77,6,6,7.75,0,1,1,41,4,3,4,3,4,2,1,1,0,1,4,6,14,9,13,1,23,5,4.0,0.0,5.0,6.0,5.0,4.0,2.0,5.0,6.0,25.0,2.0,3.0,5.0,11.0,7.0,51.0,50.0,8.0,10,11,8,15,3,3,11,6,3,4,8,11,9,-1,1,0,0,0,0,0,0,-1,0,0,7.75,0.6666666666666666,25.0,25.0,25.0,25.0,25.0,25.0,25.0,25.0,25.0,25.0,25.0,25.0,0,0
A021,3.0,48,6,7,10.125,0,1,1,93,7,15,10,12,13,11,14,12,12,17,11,14,16,10,38,5,44,0,9.0,3.0,9.0,12.0,19.0,11.0,9.0,15.0,4.0,69.0,7.0,10.0,0.0,0.0,0.0,0.0,48.0,87.0,8,8,11,15,11,11,7,10,-1,-1,-1,-1,8,4,11,15,3,3,-1,-1,-1,-1,-1,-1,6.416666666666667,3.1666666666666665,25.0,25.0,25.0,25.0,25.0,25.0,25.0,25.0,-1.0,-1.0,-1.0,-1.0,0,0
A022,4.0,29,9,1,3.0,9,0,1,13,2,3,6,3,2,3,1,1,2,5,2,2,1,0,0,0,1,0,0.0,0.0,0.0,11.0,6.0,9.0,9.0,2.0,4.0,9.0,3.0,4.0,13.0,13.0,8.0,4.0,3.0,0.0,3,0,0,0,0,0,3,0,0,0,0,-1,0,0,0,0,0,0,-1,0,0,0,-1,-1,0.4166666666666667,-0.25,25.0,13.51638888888889,13.39388888888889,7.897222222222222,7.223055555555558,1.9094444444444463,25.0,2.834444444444447,23.15138888888889,6.012499999999999,6.671944444444446,-1.0,0,0
A023,6.0,54,4,10,2.875,2,1,2,96,3,5,8,6,9,8,8,18,18,21,18,14,10,10,17,0,25,14,6.0,0.0,0.0,6.0,22.0,12.0,19.0,4.0,42.0,25.0,5.0,28.0,43.0,20.0,30.0,20.0,40.0,60.0,1,0,1,0,0,3,7,1,1,4,5,0,1,0,0,0,0,3,0,0,0,4,5,0,1.9166666666666667,1.0833333333333333,25.0,11.342222222222222,25.0,22.560833333333335,13.311666666666666,25.0,25.0,25.0,25.0,25.0,25.0,14.396944444444445,0,0
A024,6.0,40,4,3,6.0,9,0,3,56,4,4,2,9,9,7,9,9,7,16,11,8,7,4,23,9,30,7,6.0,3.0,5.0,14.0,11.0,7.0,7.0,13.0,16.0,40.0,4.0,18.0,9.0,13.0,29.0,41.0,6.0,2.0,8,9,8,2,5,2,5,7,0,6,8,-1,2,0,0,0,0,0,0,-1,0,0,0,-1,4.916666666666667,0.0,25.0,25.0,25.0,25.0,25.0,25.0,25.0,25.0,6.275833333333335,25.0,25.0,-1.0,0,0
A025,0.0,12,3,0,10.333333333333334,0,1,1,10,10,11,9,6,4,4,2,2,1,0,0,0,0,0,3,0,4,3,6.0,2.0,9.0,11.0,24.0,14.0,15.0,9.0,10.0,5.0,4.0,10.0,4.0,2.0,1.0,0.0,0.0,0.0,10,8,11,18,12,11,10,7,6,0,-1,-1,0,0,0,0,0,0,0,-1,-1,-1,-1,-1,7.583333333333333,-0.4166666666666667,25.0,25.0,25.0,25.0,25.0,25.0,25.0,25.0,25.0,10.212222222222222,-1.0,-1.0,0,0
A026,3.0,14,2,3,3.4545454545454546,0,1,1,37,4,5,4,4,2,2,5,3,3,11,7,7,3,3,0,2,0,8,5.0,1.0,1.0,4.0,7.0,5.0,4.0,1.0,0.0,14.0,0.0,7.0,11.0,7.0,21.0,24.0,10.0,0.0,4,4,3,3,6,1,1,4,2,9,1,-1,4,0,1,3,-1,0,1,0,-1,0,0,-1,3.0833333333333335,0.5,25.0,25.0,25.0,25.0,25.0,25.0,25.0,25.0,25.0,25.0,25.0,-1.0,0,0
A027,3.0,263,8,23,7.25,12,1,3,108,17,17,11,20,17,14,12,14,8,27,18,23,12,2,31,13,40,21,13.0,13.0,10.0,15.0,31.0,32.0,8.0,49.0,46.0,64.0,19.0,15.0,30.0,48.0,52.0,64.0,54.0,69.0,2,2,3,9,11,11,11,8,11,14,1,4,0,1,2,7,4,3,1,0,0,0,0,-1,7.25,1.4166666666666667,25.0,25.0,25.0,25.0,25.0,25.0,25.0,25.0,25.0,25.0,25.0,25.0,1,0
A028,4.0,51,4,10,11.75,3,0,1,117,9,8,6,5,7,5,9,4,5,23,23,25,23,15,19,6,23,2,1.0,4.0,4.0,7.0,9.0,15.0,2.0,8.0,15.0,23.0,14.0,17.0,13.0,23.0,44.0,23.0,32.0,39.0,10,9,12,15,12,12,12,12,0,0,0,0,2,2,0,-1,0,0,0,0,0,0,0,0,7.833333333333333,0.25,25.0,25.0,25.0,25.0,25.0,25.0,25.0,25.0,10.547500000000001,21.948888888888888,6.719166666666666,9.26388888888889,0,0
A029,3.0,15,2,2,3.9166666666666665,10,0,2,31,7,7,7,8,6,10,5,4,4,5,3,6,4,2,7,0,7,1,7.0,4.0,1.0,14.0,75.0,9.0,4.0,6.0,8.0,39.0,0.0,13.0,11.0,16.0,11.0,14.0,4.0,0.0,4,6,4,8,10,4,1,2,1,1,4,2,4,0,1,0,0,0,0,0,0,0,0,-1,3.9166666666666665,0.3333333333333333,25.0,25.0,25.0,25.0,25.0,25.0,25.0,25.0,25.0,25.0,25.0,25.0,0,0
A030,6.0,22,3,3,12.833333333333334,10,0,1,167,8,11,8,14,11,8,20,22,15,28,36,31,21,19,27,4,32,1,19.0,7.0,12.0,13.0,19.0,8.0,11.0,13.0,33.0,6.0,18.0,11.0,30.0,13.0,115.0,66.0,2.0,6.0,10,11,12,18,12,12,12,12,12,18,14,12,10,11,12,15,12,12,9,11,11,17,12,-1,12.916666666666666,10.916666666666666,25.0,25.0,25.0,25.0,25.0,25.0,25.0,25.0,25.0,25.0,25.0,25.0,0,0
A031,4.0,16,4,3,7.2,12,0,2,43,5,6,12,7,6,5,6,4,6,14,9,4,2,2,15,2,18,2,5.0,3.0,4.0,6.0,17.0,14.0,15.0,16.0,1.0,14.0,2.0,22.0,10.0,10.0,13.0,19.0,2.0,0.0,7,8,12,10,11,11,6,2,9,0,5,-1,7,0,0,1,3,0,0,0,-1,-1,0,-1,6.666666666666667,0.6666666666666666,25.0,25.0,25.0,25.0,25.0,25.0,25.0,25.0,25.0,4.27888888888889,25.0,-1.0,0,0
A032,3.0,8,2,5,4.25,8,0,2,1,0,2,2,0,0,0,0,0,0,0,0,0,0,0,0,0,0,3,2.0,1.0,3.0,5.0,2.0,3.0,4.0,4.0,2.0,3.0,0.0,3.0,3.0,4.0,3.0,3.0,3.0,0.0,3,0,0,6,9,3,5,1,0,1,6,-1,1,0,0,0,0,0,0,0,0,0,0,-1,2.75,0.0,25.0,10.390833333333333,6.758611111111112,25.0,25.0,25.0,25.0,25.0,8.471388888888889,25.0,25.0,-1.0,0,0
A033,3.0,19,4,5,4.363636363636363,10,0,1,3,1,0,0,1,0,0,0,0,0,0,0,1,1,0,1,6,2,2,4.0,2.0,3.0,1.0,9.0,2.0,5.0,4.0,1.0,5.0,4.0,3.0,5.0,5.0,4.0,8.0,8.0,0.0,10,5,3,6,6,3,6,3,2,0,3,1,3,0,2,0,3,1,0,3,0,0,2,0,4.0,1.1666666666666667,25.0,25.0,25.0,25.0,25.0,25.0,25.0,25.0,25.0,0.6994444444444454,25.0,25.0,0,0
A034,5.0,17,2,3,3.5714285714285716,1,1,1,40,5,5,4,7,7,7,9,5,6,7,6,7,5,4,3,1,5,1,9.0,1.0,6.0,10.0,8.0,6.0,15.0,8.0,14.0,7.0,7.0,11.0,10.0,17.0,8.0,6.0,3.0,27.0,1,8,1,0,10,3,0,1,1,0,0,0,0,0,0,0,0,3,0,1,0,0,0,-1,2.0833333333333335,0.25,25.0,25.0,25.0,15.06611111111111,25.0,25.0,12.951944444444445,25.0,25.0,2.3197222222222216,2.411944444444444,6.948333333333334,0,0
A035,4.0,88,9,8,4.7,0,1,1,15,7,8,2,8,14,4,1,1,1,2,2,1,1,2,34,1,65,3,7.0,2.0,13.0,1.0,14.0,10.0,12.0,8.0,20.0,35.0,4.0,1.0,3.0,3.0,2.0,7.0,25.0,93.0,7,3,7,5,4,1,5,0,4,5,6,-1,7,1,4,5,0,0,-1,0,-1,-1,1,-1,3.8333333333333335,1.1666666666666667,25.0,25.0,25.0,25.0,25.0,25.0,25.0,2.205833333333331,25.0,25.0,25.0,-1.0,0,0
A036,1.0,38,3,0,2.375,0,1,1,18,6,6,5,5,3,3,3,3,3,4,4,1,0,0,2,3,2,2,0.0,3.0,1.0,6.0,11.0,16.0,7.0,5.0,17.0,19.0,6.0,9.0,22.0,8.0,1.0,1.0,0.0,2.0,5,2,6,1,0,1,0,1,1,2,-1,-1,5,1,0,0,0,-1,-1,0,-1,-1,-1,-1,1.4166666666666667,0.0,25.0,25.0,25.0,25.0,12.935277777777777,25.0,7.059722222222224,25.0,25.0,25.0,-1.0,-1.0,0,0
A037,3.0,28,1,4,5.7272727272727275,0,1,1,54,5,4,5,4,9,5,8,6,11,15,8,6,5,1,10,2,14,1,9.0,3.0,3.0,8.0,8.0,5.0,9.0,7.0,17.0,26.0,5.0,5.0,10.0,11.0,8.0,5.0,32.0,10.0,10,5,7,5,4,4,7,6,5,5,5,0,1,0,0,0,0,-1,-1,-1,0,0,0,-1,5.25,-0.25,25.0,25.0,25.0,25.0,25.0,25.0,25.0,25.0,25.0,25.0,25.0,9.215,0,0
A038,5.0,81,3,5,10.666666666666666,0,1,1,42,1,1,2,3,4,4,2,1,3,11,11,6,4,5,6,1,8,3,1.0,1.0,2.0,4.0,5.0,16.0,8.0,8.0,6.0,15.0,6.0,15.0,11.0,29.0,33.0,28.0,11.0,0.0,4,7,11,18,11,7,8,8,11,18,14,11,0,0,0,4,0,1,0,0,0,0,0,2,10.666666666666666,0.5833333333333334,25.0,25.0,25.0,25.0,25.0,25.0,25.0,25.0,25.0,25.0,25.0,25.0,0,0
A039,6.0,21,3,5,5.083333333333333,9,0,2,66,6,6,5,6,8,10,6,12,10,14,12,10,6,6,0,0,0,4,9.0,6.0,5.0,8.0,10.0,7.0,6.0,7.0,10.0,17.0,4.0,12.0,42.0,6.0,22.0,24.0,9.0,0.0,7,2,7,1,8,2,5,3,6,5,12,9,5,1,3,0,2,2,0,0,0,0,-1,2,5.583333333333333,1.1666666666666667,25.0,25.0,25.0,25.0,25.0,25.0,25.0,25.0,25.0,25.0,25.0,25.0,0,0
A040,2.0,43,3,8,2.8181818181818183,0,1,1,47,12,5,4,3,5,3,11,8,3,5,4,3,7,1,10,3,11,47,15.0,16.0,13.0,8.0,22.0,2.0,8.0,4.0,20.0,18.0,13.0,17.0,6.0,12.0,23.0,16.0,18.0,35.0,1,7,2,2,3,2,0,6,3,2,2,1,0,-1,0,0,0,-1,0,0,0,-1,0,-1,2.5833333333333335,-0.3333333333333333,25.0,25.0,25.0,25.0,25.0,25.0,7.703611111111108,25.0,25.0,25.0,25.0,25.0,0,0
A041,2.0,82,6,5,11.5,2,1,2,71,7,14,13,14,19,4,4,6,8,11,16,15,7,3,11,0,13,17,4.0,3.0,8.0,6.0,37.0,8.0,12.0,2.0,40.0,23.0,4.0,25.0,15.0,23.0,20.0,67.0,15.0,0.0,7,6,12,16,12,8,12,9,12,18,14,12,7,5,8,4,0,1,0,0,0,-1,0,-1,11.5,1.9166666666666667,25.0,25.0,25.0,25.0,25.0,25.0,25.0,25.0,25.0,25.0,25.0,25.0,0,0
A042,0.0,0,0,0,0.0,0,1,1,0,0,0,0,0,0,0,0,0,0,0,0,0,0,0,0,0,0,0,0.0,0.0,4.0,0.0,0.0,0.0,0.0,0.0,0.0,0.0,0.0,0.0,0.0,0.0,0.0,0.0,0.0,0.0,-1,-1,-1,-1,-1,-1,-1,-1,-1,-1,-1,-1,-1,-1,-1,-1,-1,-1,-1,-1,-1,-1,-1,-1,-1.0,-1.0,-1.0,-1.0,-1.0,-1.0,-1.0,-1.0,-1.0,-1.0,-1.0,-1.0,-1.0,-1.0,0,0
A043,4.0,72,9,2,7.75,11,0,1,28,6,3,7,6,7,8,6,3,2,2,6,7,7,2,16,1,16,2,1.0,1.0,6.0,4.0,9.0,5.0,14.0,8.0,30.0,27.0,9.0,6.0,8.0,23.0,21.0,7.0,18.0,1.0,8,7,5,5,8,8,11,5,5,8,12,11,2,0,-1,0,1,0,1,-1,0,-1,-1,-1,7.75,-0.08333333333333333,25.0,25.0,25.0,25.0,25.0,25.0,25.0,25.0,25.0,25.0,25.0,25.0,0,0
A044,4.0,10,4,4,1.0,6,0,1,47,6,19,10,6,3,6,9,10,9,4,8,9,6,5,4,5,7,0,2.0,1.0,3.0,6.0,30.0,6.0,11.0,5.0,6.0,28.0,3.0,11.0,13.0,8.0,8.0,11.0,5.0,15.0,0,1,0,0,-1,1,1,0,0,0,0,0,0,0,0,0,-1,0,0,0,0,0,0,0,0.16666666666666666,-0.08333333333333333,8.038611111111113,25.0,12.274444444444445,14.053888888888888,-1.0,25.0,25.0,22.528333333333332,5.803888888888888,6.898333333333333,4.896666666666665,11.399166666666668,1,0
A045,2.0,20,4,3,7.416666666666667,2,1,2,60,11,9,13,8,9,13,10,12,10,12,7,8,10,3,9,2,11,19,6.0,8.0,10.0,24.0,19.0,6.0,10.0,32.0,11.0,11.0,6.0,25.0,19.0,12.0,47.0,16.0,4.0,1.0,7,7,8,15,8,11,6,5,3,6,5,8,7,7,7,15,8,11,6,5,3,-1,4,-1,7.416666666666667,5.916666666666667,25.0,25.0,25.0,25.0,25.0,25.0,25.0,25.0,25.0,25.0,25.0,25.0,1,0
A046,1.0,16,5,1,10.1,4,0,1,26,12,5,5,9,6,5,2,9,4,3,3,3,2,4,18,1,22,2,8.0,1.0,7.0,11.0,5.0,13.0,5.0,8.0,21.0,33.0,6.0,8.0,5.0,3.0,3.0,0.0,24.0,1.0,10,10,11,9,10,7,10,5,11,18,-1,0,1,-1,2,0,0,0,0,-1,-1,-1,-1,-1,8.333333333333334,-0.25,25.0,25.0,25.0,25.0,25.0,25.0,25.0,25.0,25.0,25.0,-1.0,1.7766666666666673,0,0
A047,0.0,5,0,0,0.0,2,1,2,11,6,3,3,3,0,0,0,0,0,0,0,0,0,0,5,0,5,12,11.0,6.0,0.0,4.0,1.0,2.0,3.0,0.0,0.0,0.0,0.0,0.0,0.0,0.0,0.0,0.0,0.0,34.0,0,-1,0,0,-1,-1,-1,-1,-1,-1,-1,-1,0,-1,0,0,-1,-1,-1,-1,-1,-1,-1,-1,-0.75,-0.75,1.0622222222222213,-1.0,3.170277777777777,0.7941666666666691,-1.0,-1.0,-1.0,-1.0,-1.0,-1.0,-1.0,-1.0,0,0
A048,3.0,67,5,13,5.2727272727272725,0,1,1,103,9,12,13,20,9,12,8,7,10,19,22,22,14,5,25,8,35,30,7.0,5.0,3.0,15.0,20.0,5.0,10.0,6.0,26.0,43.0,4.0,1.0,18.0,30.0,0.0,2.0,106.0,99.0,10,7,12,7,4,3,-1,4,4,10,1,4,0,0,0,0,-1,0,-1,0,-1,-1,-1,-1,5.416666666666667,-0.5,25.0,25.0,25.0,25.0,25.0,25.0,-1.0,25.0,25.0,25.0,25.0,25.0,0,0
A049,2.0,33,2,10,3.4166666666666665,0,1,1,53,2,3,4,9,10,3,5,6,5,10,10,8,11,6,14,1,17,0,2.0,1.0,1.0,5.0,4.0,9.0,10.0,3.0,16.0,11.0,4.0,9.0,7.0,8.0,18.0,9.0,49.0,11.0,6,1,1,5,2,3,1,6,3,2,7,10,1,0,0,0,1,-1,-1,0,0,0,0,-1,3.9166666666666665,-0.08333333333333333,25.0,25.0,25.0,25.0,25.0,25.0,25.0,25.0,25.0,25.0,25.0,25.0,0,0
A050,5.0,74,8,11,4.454545454545454,13,0,1,34,8,4,5,6,3,4,6,6,2,5,2,5,5,7,11,2,18,0,7.0,3.0,1.0,8.0,21.0,15.0,7.0,4.0,8.0,41.0,10.0,13.0,9.0,11.0,7.0,21.0,28.0,11.0,6,6,5,6,4,3,3,7,6,7,0,1,0,0,0,0,0,0,0,0,0,0,0,0,4.5,0.0,25.0,25.0,25.0,25.0,25.0,25.0,25.0,25.0,25.0,25.0,7.204166666666666,25.0,0,0
A051,5.0,21,3,4,6.2727272727272725,0,1,1,25,2,2,0,5,2,4,3,3,6,7,4,4,1,0,6,0,9,5,1.0,4.0,4.0,2.0,9.0,7.0,10.0,8.0,6.0,2.0,10.0,6.0,7.0,4.0,15.0,14.0,4.0,0.0,9,10,9,1,4,9,8,7,3,2,7,-1,9,0,0,1,4,3,0,2,0,0,0,-1,5.666666666666667,1.5,25.0,25.0,25.0,25.0,25.0,25.0,25.0,25.0,25.0,25.0,25.0,-1.0,0,0
A052,4.0,209,6,13,8.25,0,1,1,61,3,2,4,10,8,10,8,8,7,12,10,11,11,3,26,4,30,16,7.0,3.0,8.0,9.0,18.0,23.0,25.0,29.0,19.0,67.0,21.0,11.0,26.0,18.0,18.0,17.0,47.0,48.0,9,9,8,8,11,11,4,1,7,14,14,3,2,1,0,1,4,1,0,0,0,0,0,0,8.25,0.75,25.0,25.0,25.0,25.0,25.0,25.0,25.0,25.0,25.0,25.0,25.0,25.0,1,0
A053,0.0,0,0,0,0.0,0,1,1,0,0,0,0,0,0,0,0,0,0,0,0,0,0,0,0,0,0,0,0.0,0.0,0.0,0.0,1.0,0.0,2.0,1.0,0.0,0.0,0.0,1.0,0.0,0.0,0.0,0.0,0.0,0.0,-1,0,-1,-1,-1,-1,-1,-1,-1,-1,-1,-1,-1,-1,-1,-1,-1,-1,-1,-1,-1,-1,-1,-1,-0.9166666666666666,-1.0,-1.0,17.025555555555556,-1.0,-1.0,-1.0,-1.0,-1.0,-1.0,-1.0,-1.0,-1.0,-1.0,0,0
A054,0.0,6,5,3,7.333333333333333,1,0,1,19,12,7,5,9,6,3,4,2,1,2,2,2,1,0,15,3,16,2,7.0,3.0,4.0,7.0,7.0,17.0,7.0,0.0,1.0,8.0,2.0,25.0,4.0,2.0,0.0,8.0,1.0,24.0,0,3,10,3,0,0,7,9,10,7,14,3,0,-1,0,-1,-1,0,-1,-1,-1,-1,0,-1,5.5,-0.6666666666666666,23.227777777777778,25.0,25.0,25.0,6.174166666666668,3.871944444444445,25.0,25.0,25.0,25.0,25.0,25.0,1,0
A055,3.0,29,5,1,5.4,0,1,1,31,5,7,6,9,8,6,5,4,5,8,2,6,4,0,8,7,13,4,3.0,1.0,3.0,8.0,17.0,5.0,14.0,12.0,17.0,21.0,5.0,3.0,17.0,11.0,3.0,1.0,4.0,44.0,7,3,6,1,11,4,5,6,9,6,0,-1,1,0,0,0,0,0,-1,0,0,-1,-1,-1,4.75,-0.25,25.0,25.0,25.0,25.0,25.0,25.0,25.0,25.0,25.0,25.0,9.055833333333332,-1.0,0,0
A056,6.0,41,3,4,12.666666666666666,13,0,2,14,4,1,1,1,1,3,2,1,3,1,1,0,2,1,9,1,16,5,9.0,2.0,5.0,3.0,5.0,1.0,5.0,6.0,8.0,21.0,3.0,5.0,7.0,5.0,15.0,13.0,7.0,0.0,10,10,12,17,12,12,12,12,12,17,14,12,-84,-1,-1,-1,0,-1,0,-1,-1,-1,0,-1,12.666666666666666,-7.666666666666667,25.0,25.0,25.0,25.0,25.0,25.0,25.0,25.0,25.0,25.0,25.0,25.0,0,0
A057,2.0,14,2,1,5.3,0,1,1,44,8,9,10,6,7,7,6,3,4,9,8,8,4,2,6,4,6,25,5.0,0.0,2.0,12.0,15.0,6.0,11.0,7.0,1.0,42.0,4.0,3.0,18.0,16.0,14.0,22.0,0.0,0.0,8,7,7,1,11,1,6,1,0,6,5,-1,0,0,0,0,0,-1,-1,0,0,0,-1,-1,4.333333333333333,-0.3333333333333333,25.0,25.0,25.0,25.0,25.0,25.0,25.0,25.0,10.395,25.0,25.0,-1.0,0,0
A058,5.0,89,9,4,11.833333333333334,4,1,2,67,14,13,13,11,9,12,15,12,8,10,13,12,10,3,7,1,8,13,1.0,7.0,12.0,8.0,29.0,19.0,18.0,26.0,41.0,22.0,14.0,18.0,25.0,16.0,44.0,12.0,5.0,0.0,10,11,12,14,12,12,12,12,12,18,14,12,4,3,4,4,6,3,1,3,5,4,6,-1,12.583333333333334,3.5,25.0,25.0,25.0,25.0,25.0,25.0,25.0,25.0,25.0,25.0,25.0,25.0,0,0
A059,2.0,2,2,1,6.8,0,1,1,16,0,1,0,3,6,2,7,2,3,4,3,1,1,1,9,2,13,1,0.0,0.0,4.0,3.0,1.0,0.0,5.0,16.0,0.0,10.0,4.0,3.0,1.0,3.0,2.0,0.0,0.0,0.0,9,0,-1,0,5,11,9,0,1,0,-1,-1,0,-1,-1,0,4,0,0,-1,-1,-1,-1,-1,2.6666666666666665,-0.25,25.0,1.7138888888888886,-1.0,9.510555555555557,25.0,25.0,25.0,3.90527777777778,25.0,5.914166666666667,-1.0,-1.0,0,1
A060,2.0,26,2,4,3.0,0,1,1,39,4,4,7,6,6,5,2,1,2,8,11,6,5,2,1,1,2,0,2.0,0.0,0.0,6.0,5.0,8.0,7.0,0.0,12.0,20.0,0.0,4.0,7.0,9.0,21.0,23.0,8.0,0.0,3,0,8,1,2,3,0,1,1,5,4,2,0,0,0,0,0,1,0,0,0,0,0,-1,2.5,0.0,25.0,5.331666666666667,25.0,25.0,25.0,25.0,9.676944444444445,25.0,25.0,25.0,25.0,25.0,0,0
A061,2.0,36,1,6,3.7777777777777777,1,1,1,99,11,10,7,11,11,11,10,19,17,22,19,11,11,5,8,0,14,9,12.0,7.0,3.0,8.0,18.0,20.0,16.0,3.0,8.0,29.0,1.0,42.0,33.0,38.0,37.0,12.0,10.0,0.0,7,0,1,6,0,1,4,6,0,4,4,1,0,-1,0,0,0,-1,0,0,0,-1,0,-1,2.8333333333333335,-0.3333333333333333,25.0,8.231388888888889,25.0,25.0,5.39361111111111,25.0,25.0,25.0,10.45861111111111,25.0,25.0,25.0,0,1
A062,1.0,12,4,0,0.0,1,0,1,3,2,2,2,2,3,3,1,0,0,0,0,0,0,0,0,1,1,0,0.0,1.0,0.0,2.0,2.0,2.0,1.0,0.0,10.0,17.0,2.0,3.0,3.0,1.0,0.0,0.0,0.0,4.0,0,0,0,0,0,0,0,-1,0,-1,-1,-1,0,0,0,-1,0,0,0,-1,-1,-1,-1,-1,-0.3333333333333333,-0.5,5.083333333333332,1.7636111111111106,0.7955555555555556,0.28138888888889113,6.616111111111113,3.0805555555555557,0.7108333333333334,-1.0,3.370555555555555,-1.0,-1.0,-1.0,0,0
A063,4.0,4,1,0,0.0,0,1,1,10,6,6,6,5,3,4,2,4,1,2,1,1,1,1,10,0,11,6,2.0,1.0,1.0,6.0,7.0,3.0,7.0,1.0,15.0,1.0,0.0,0.0,0.0,0.0,0.0,30.0,1.0,0.0,0,0,0,0,0,-1,-1,-1,-1,-1,-1,-1,0,0,0,0,-1,-1,-1,-1,-1,-1,-1,-1,-0.5833333333333334,-0.6666666666666666,14.414166666666667,11.666944444444445,11.523888888888889,9.593055555555555,0.9961111111111123,-1.0,-1.0,-1.0,-1.0,-1.0,-1.0,-1.0,0,0
A064,3.0,32,6,8,6.416666666666667,5,0,1,115,7,10,18,21,27,28,23,35,22,21,18,19,21,5,29,3,35,2,8.0,7.0,3.0,11.0,15.0,34.0,24.0,16.0,34.0,39.0,2.0,69.0,33.0,50.0,17.0,41.0,9.0,0.0,1,5,4,8,5,11,11,7,12,5,5,3,0,0,0,0,0,0,0,0,0,0,0,-1,6.416666666666667,-0.08333333333333333,25.0,25.0,25.0,25.0,25.0,25.0,25.0,25.0,25.0,25.0,25.0,25.0,0,0
A065,4.0,60,8,6,5.916666666666667,1,1,1,48,6,6,4,2,4,4,4,7,9,8,4,2,5,8,0,6,2,2,6.0,10.0,16.0,3.0,12.0,7.0,12.0,4.0,2.0,13.0,12.0,15.0,21.0,12.0,15.0,31.0,8.0,0.0,9,11,12,1,11,1,3,1,6,1,8,11,9,0,0,1,-1,0,0,0,0,-1,0,-1,6.25,0.5833333333333334,25.0,25.0,25.0,25.0,25.0,25.0,25.0,25.0,25.0,25.0,25.0,25.0,0,0
A066,3.0,87,6,9,6.583333333333333,13,0,1,117,10,16,16,15,17,20,27,16,11,25,32,17,16,8,10,4,20,3,3.0,5.0,10.0,9.0,34.0,13.0,22.0,5.0,38.0,45.0,9.0,45.0,36.0,29.0,37.0,40.0,39.0,19.0,8,8,11,7,10,4,12,8,2,7,14,2,0,0,0,0,0,0,0,0,0,0,0,0,7.75,0.0,25.0,25.0,25.0,25.0,25.0,25.0,25.0,25.0,25.0,25.0,25.0,25.0,0,0
A067,2.0,35,4,6,6.833333333333333,0,1,1,93,4,5,5,6,6,6,5,11,18,17,14,13,17,8,30,2,37,23,7.0,6.0,4.0,3.0,23.0,14.0,9.0,8.0,17.0,13.0,14.0,26.0,22.0,17.0,30.0,24.0,27.0,17.0,7,9,7,8,9,6,12,4,6,4,7,3,3,0,1,2,0,1,0,0,2,0,0,0,6.833333333333333,0.75,25.0,25.0,25.0,25.0,25.0,25.0,25.0,25.0,25.0,25.0,25.0,25.0,0,0
A068,3.0,21,4,6,3.8333333333333335,1,0,1,2,3,1,3,2,3,5,1,0,1,0,0,0,0,0,2,0,3,0,0.0,2.0,0.0,2.0,20.0,4.0,5.0,2.0,10.0,8.0,0.0,6.0,6.0,0.0,0.0,6.0,9.0,0.0,0,4,0,0,0,1,0,4,8,-1,5,1,0,0,0,0,0,0,0,1,-1,-1,0,-1,1.8333333333333333,-0.16666666666666666,2.9783333333333353,25.0,13.047500000000001,4.427222222222223,2.2527777777777764,25.0,14.197777777777777,25.0,25.0,-1.0,25.0,25.0,0,0
A069,2.0,15,1,1,1.5,3,1,3,13,2,2,2,0,4,2,2,3,2,3,3,1,1,1,8,2,12,16,5.0,1.0,4.0,15.0,15.0,7.0,3.0,1.0,10.0,18.0,3.0,9.0,1.0,14.0,6.0,0.0,7.0,22.0,1,0,0,0,0,1,0,-1,2,2,-1,-1,0,0,0,0,0,-1,-1,-1,-1,-1,-1,-1,0.25,-0.5833333333333334,25.0,4.245833333333334,7.428888888888888,2.8663888888888884,7.148888888888887,25.0,6.368611111111111,-1.0,25.0,25.0,-1.0,-1.0,0,0
A070,2.0,18,2,7,2.75,4,1,2,59,10,15,14,15,10,4,4,9,5,12,8,7,9,10,16,10,20,4,6.0,5.0,7.0,9.0,16.0,8.0,6.0,3.0,3.0,18.0,0.0,9.0,5.0,18.0,3.0,88.0,31.0,0.0,3,1,0,0,0,0,0,0,0,0,5,2,-77,0,0,0,-1,-1,0,0,0,0,0,0,0.9166666666666666,-6.583333333333333,25.0,25.0,3.1644444444444453,21.29888888888889,5.401111111111113,13.532777777777778,6.127777777777776,2.368611111111111,10.664166666666667,5.39361111111111,25.0,25.0,0,0
A071,5.0,20,4,6,3.6666666666666665,3,0,1,53,2,7,7,7,13,12,3,13,6,15,7,9,9,7,7,1,9,1,1.0,1.0,8.0,5.0,7.0,12.0,10.0,1.0,26.0,18.0,3.0,12.0,17.0,9.0,7.0,9.0,28.0,19.0,1,2,3,6,10,2,6,2,0,0,0,1,1,0,0,6,0,0,0,0,0,0,0,-1,2.75,0.5,25.0,25.0,25.0,25.0,25.0,25.0,25.0,25.0,7.673888888888889,10.581111111111111,7.012499999999999,25.0,0,0
A072,3.0,42,9,4,6.6,5,1,3,46,9,9,6,5,6,8,4,2,5,15,8,5,4,4,27,2,31,19,2.0,7.0,11.0,12.0,15.0,8.0,20.0,4.0,35.0,20.0,16.0,6.0,38.0,12.0,22.0,31.0,13.0,0.0,10,10,12,14,2,3,10,4,0,0,5,8,1,0,0,0,0,0,0,0,0,-1,3,0,6.5,0.25,25.0,25.0,25.0,25.0,25.0,25.0,25.0,25.0,14.261111111111111,10.753333333333334,25.0,25.0,0,0
A073,0.0,0,0,0,10.0,2,0,1,1,0,0,0,0,0,0,0,0,0,0,0,0,0,0,1,0,1,1,3.0,3.0,1.0,1.0,2.0,0.0,0.0,0.0,0.0,0.0,0.0,0.0,0.0,0.0,0.0,0.0,0.0,0.0,10,-1,-1,-1,-1,-1,-1,-1,-1,-1,-1,-1,-1,-1,-1,-1,-1,-1,-1,-1,-1,-1,-1,-1,-0.08333333333333333,-1.0,25.0,-1.0,-1.0,-1.0,-1.0,-1.0,-1.0,-1.0,-1.0,-1.0,-1.0,-1.0,0,0
A074,0.0,8,3,1,6.909090909090909,1,1,2,7,5,3,4,4,4,6,3,0,0,0,0,0,1,0,9,3,12,21,3.0,3.0,1.0,14.0,4.0,12.0,10.0,5.0,2.0,6.0,2.0,3.0,19.0,26.0,8.0,0.0,6.0,10.0,7,8,9,7,10,1,1,6,12,7,14,-1,0,-1,0,0,-1,0,-1,-1,-1,-1,-1,-1,6.75,-0.6666666666666666,25.0,25.0,25.0,25.0,25.0,25.0,25.0,25.0,25.0,25.0,25.0,-1.0,0,0
A075,2.0,7,3,3,2.1,3,1,4,57,5,8,6,12,10,15,5,12,9,7,14,11,9,3,14,0,16,34,7.0,5.0,5.0,10.0,10.0,12.0,18.0,3.0,36.0,2.0,0.0,23.0,26.0,11.0,31.0,21.0,31.0,7.0,4,1,1,1,2,3,2,2,0,4,2,-1,4,1,1,1,0,1,1,0,0,0,1,-1,1.75,0.75,25.0,25.0,25.0,25.0,25.0,25.0,25.0,25.0,7.478333333333335,25.0,25.0,-1.0,0,0
A076,0.0,3,4,0,1.0,0,1,1,0,0,0,4,4,1,3,0,0,0,0,0,0,0,0,1,1,2,2,0.0,0.0,0.0,2.0,1.0,0.0,8.0,0.0,0.0,18.0,0.0,0.0,0.0,0.0,0.0,0.0,0.0,0.0,0,-1,-1,1,-1,0,-1,-1,-1,-1,-1,-1,0,-1,-1,0,-1,0,-1,-1,-1,-1,-1,-1,-0.6666666666666666,-0.75,13.855,-1.0,-1.0,25.0,-1.0,12.252222222222223,-1.0,-1.0,-1.0,-1.0,-1.0,-1.0,0,0
A077,6.0,37,3,6,8.0,3,1,2,56,3,5,5,8,6,12,10,8,7,11,9,11,9,7,0,4,0,13,1.0,1.0,4.0,6.0,6.0,7.0,6.0,21.0,3.0,28.0,4.0,1.0,18.0,21.0,16.0,36.0,23.0,0.0,8,8,8,13,10,11,9,5,7,3,6,8,3,1,5,11,3,0,0,0,0,0,5,0,8.0,2.3333333333333335,25.0,25.0,25.0,25.0,25.0,25.0,25.0,25.0,25.0,25.0,25.0,25.0,0,0
A078,3.0,8,1,0,1.0,0,1,1,8,0,2,0,1,0,3,3,3,2,2,1,0,1,1,1,1,2,7,0.0,0.0,0.0,2.0,4.0,5.0,0.0,12.0,1.0,1.0,0.0,9.0,1.0,0.0,4.0,6.0,0.0,1.0,0,0,0,-1,-1,0,0,0,-1,1,-1,-1,0,0,0,-1,-1,-1,-1,-1,-1,-1,-1,-1,-0.3333333333333333,-0.75,2.8611111111111107,2.7441666666666684,3.5305555555555586,-1.0,-1.0,1.296111111111113,7.161666666666669,3.8677777777777784,-1.0,25.0,-1.0,-1.0,0,0
A079,0.0,10,6,0,3.0,0,1,1,0,1,2,2,1,0,1,0,0,0,0,0,0,0,0,0,0,0,0,0.0,0.0,3.0,0.0,3.0,6.0,4.0,0.0,0.0,4.0,4.0,3.0,2.0,4.0,2.0,1.0,0.0,0.0,8,6,2,1,-1,1,2,1,0,0,-1,-1,8,-1,0,0,-1,0,-1,-1,0,-1,-1,-1,1.5,0.08333333333333333,25.0,25.0,25.0,25.0,-1.0,25.0,25.0,25.0,12.553888888888888,13.743333333333334,-1.0,-1.0,0,0
A080,6.0,40,3,9,1.5555555555555556,0,1,1,58,7,11,6,4,6,8,9,3,9,10,7,10,7,10,0,4,2,16,5.0,5.0,2.0,5.0,20.0,14.0,4.0,4.0,8.0,30.0,2.0,13.0,8.0,10.0,11.0,8.0,27.0,46.0,2,2,1,1,2,2,1,0,0,2,1,0,2,2,1,1,0,2,0,0,0,2,1,0,1.1666666666666667,0.9166666666666666,25.0,25.0,25.0,25.0,25.0,25.0,25.0,7.869444444444444,6.782500000000002,25.0,25.0,9.36111111111111,0,0
A081,0.0,0,1,0,6.0,0,1,1,1,0,2,2,0,1,1,0,1,0,0,0,0,0,0,1,1,2,3,3.0,0.0,3.0,3.0,1.0,5.0,1.0,1.0,2.0,6.0,0.0,0.0,1.0,0.0,0.0,0.0,0.0,0.0,9,0,0,5,4,0,-1,-1,-1,-1,-1,-1,0,-1,0,-1,-1,-1,-1,-1,-1,-1,-1,-1,1.0,-0.8333333333333334,25.0,7.071388888888887,7.442777777777778,25.0,25.0,10.790833333333333,-1.0,-1.0,-1.0,-1.0,-1.0,-1.0,0,0
A082,4.0,31,7,5,8.833333333333334,2,1,1,84,13,16,11,11,23,20,20,19,17,24,13,8,5,6,31,1,38,13,9.0,9.0,7.0,18.0,24.0,19.0,12.0,30.0,35.0,35.0,16.0,30.0,30.0,40.0,9.0,9.0,18.0,12.0,9,11,11,14,9,12,8,6,5,6,7,8,9,1,7,0,3,3,0,0,0,1,5,-1,8.833333333333334,2.3333333333333335,25.0,25.0,25.0,25.0,25.0,25.0,25.0,25.0,25.0,25.0,25.0,25.0,0,0
A083,3.0,22,3,3,2.6,1,1,1,49,5,13,17,4,7,5,7,12,10,14,11,1,4,3,24,4,29,5,0.0,0.0,1.0,4.0,10.0,20.0,7.0,10.0,23.0,24.0,4.0,17.0,19.0,10.0,12.0,24.0,9.0,11.0,6,1,1,0,4,1,0,0,0,0,0,0,0,0,0,0,-1,-1,-1,-1,0,-1,0,-1,1.0833333333333333,-0.5,25.0,25.0,25.0,15.012222222222222,25.0,25.0,14.164444444444444,14.425833333333333,13.346388888888889,10.753055555555557,8.623333333333333,13.741944444444444,0,0
A084,3.0,13,2,3,7.0,2,0,1,10,1,3,5,4,4,2,2,3,3,1,1,1,1,1,15,1,19,0,1.0,1.0,0.0,4.0,3.0,10.0,5.0,2.0,4.0,21.0,1.0,9.0,3.0,3.0,15.0,0.0,3.0,8.0,6,6,5,10,12,8,10,7,0,5,7,1,6,3,3,4,1,0,0,0,0,5,-1,0,6.416666666666667,1.75,25.0,25.0,25.0,25.0,25.0,25.0,25.0,25.0,12.751666666666667,25.0,25.0,25.0,0,0
A085,1.0,10,1,2,1.3333333333333333,1,1,1,4,1,3,1,4,1,1,1,0,0,0,0,0,0,0,4,1,4,9,1.0,1.0,0.0,2.0,4.0,8.0,4.0,0.0,3.0,21.0,0.0,6.0,0.0,0.0,0.0,4.0,0.0,0.0,0,0,1,0,0,2,1,-1,-1,-1,-1,-1,0,0,1,0,0,-1,-1,-1,-1,-1,-1,-1,-0.08333333333333333,-0.5,12.431944444444445,19.87388888888889,25.0,12.459166666666667,0.41083333333333627,25.0,25.0,-1.0,-1.0,-1.0,-1.0,-1.0,0,0
A086,2.0,13,4,0,5.375,3,1,2,19,0,3,5,4,6,5,5,4,1,5,4,2,3,3,7,2,8,7,1.0,0.0,0.0,9.0,9.0,8.0,13.0,8.0,9.0,5.0,7.0,6.0,12.0,3.0,3.0,11.0,0.0,0.0,1,8,4,6,11,4,7,2,-1,-1,-1,-1,1,0,-1,4,3,3,-1,0,-1,-1,-1,-1,3.25,0.4166666666666667,25.0,25.0,25.0,25.0,25.0,25.0,25.0,25.0,-1.0,-1.0,-1.0,-1.0,0,0
A087,0.0,7,0,0,5.25,0,1,1,11,3,3,1,1,1,1,2,2,3,3,0,0,0,0,0,0,0,0,0.0,3.0,4.0,2.0,8.0,5.0,9.0,2.0,6.0,0.0,2.0,0.0,10.0,0.0,0.0,0.0,0.0,0.0,9,1,0,1,10,-1,-1,0,-1,-1,-1,-1,9,0,0,1,0,-1,-1,-1,-1,-1,-1,-1,1.25,0.25,25.0,25.0,4.244722222222222,25.0,25.0,-1.0,-1.0,9.756388888888889,-1.0,-1.0,-1.0,-1.0,0,0
A088,2.0,15,2,0,3.25,9,0,1,52,7,4,3,5,5,4,14,12,8,9,7,9,10,6,9,0,17,7,2.0,7.0,5.0,7.0,7.0,9.0,7.0,16.0,7.0,11.0,4.0,19.0,10.0,13.0,12.0,1.0,10.0,37.0,2,0,2,0,3,6,0,0,0,0,-1,0,2,0,1,0,3,-1,0,0,0,0,-1,0,1.0,0.3333333333333333,25.0,3.9605555555555547,25.0,4.3825,25.0,25.0,4.196388888888887,3.4155555555555566,1.8377777777777808,11.028888888888888,-1.0,4.836388888888891,1,0
A089,0.0,1,0,0,7.0,0,1,1,0,0,0,0,0,0,0,0,0,0,0,0,0,0,0,0,0,0,1,2.0,0.0,2.0,0.0,1.0,0.0,0.0,0.0,0.0,0.0,0.0,0.0,0.0,0.0,0.0,0.0,0.0,0.0,7,-1,-1,-1,-1,-1,-1,-1,-1,-1,-1,-1,7,-1,-1,-1,-1,-1,-1,-1,-1,-1,-1,-1,-0.3333333333333333,-0.3333333333333333,25.0,-1.0,-1.0,-1.0,-1.0,-1.0,-1.0,-1.0,-1.0,-1.0,-1.0,-1.0,0,0
A090,2.0,22,4,6,4.916666666666667,0,1,1,53,8,6,5,5,8,5,6,11,7,8,9,10,9,2,27,7,36,4,0.0,5.0,3.0,11.0,25.0,7.0,12.0,1.0,24.0,27.0,2.0,25.0,23.0,14.0,5.0,23.0,18.0,13.0,7,2,9,16,5,7,1,2,9,16,2,5,2,0,0,0,0,2,1,2,-1,-1,0,0,6.75,0.4166666666666667,25.0,25.0,25.0,25.0,25.0,25.0,25.0,25.0,25.0,25.0,25.0,25.0,0,0
A091,3.0,7,1,0,2.25,4,0,2,26,3,2,2,6,8,5,3,5,3,5,6,5,2,1,0,1,0,3,4.0,1.0,4.0,3.0,5.0,2.0,7.0,1.0,11.0,19.0,1.0,1.0,10.0,3.0,0.0,0.0,1.0,30.0,0,1,1,-1,0,0,6,1,0,-1,-1,-1,0,1,1,-1,0,-1,-1,1,-1,-1,-1,-1,0.4166666666666667,-0.3333333333333333,10.221388888888889,25.0,25.0,-1.0,10.8625,7.005555555555553,25.0,25.0,4.999166666666667,-1.0,-1.0,-1.0,0,0
A092,5.0,17,2,6,5.6,10,0,2,36,7,8,6,5,4,6,7,5,5,5,7,7,5,5,10,4,15,2,0.0,4.0,8.0,6.0,17.0,11.0,12.0,4.0,4.0,20.0,0.0,13.0,10.0,9.0,14.0,8.0,8.0,1.0,7,2,5,12,10,4,0,2,5,0,3,6,7,2,5,12,10,1,0,2,0,0,3,0,4.666666666666667,3.5,25.0,25.0,25.0,25.0,25.0,25.0,8.09361111111111,25.0,25.0,7.530000000000001,25.0,25.0,0,0
A093,0.0,0,0,0,0.0,0,1,1,6,1,0,0,0,0,0,0,0,0,0,0,0,0,0,0,0,0,1,4.0,11.0,0.0,0.0,0.0,0.0,0.0,0.0,0.0,0.0,0.0,0.0,0.0,0.0,0.0,0.0,0.0,0.0,-1,-1,-1,-1,-1,-1,-1,-1,-1,-1,-1,-1,-1,-1,-1,-1,-1,-1,-1,-1,-1,-1,-1,-1,-1.0,-1.0,-1.0,-1.0,-1.0,-1.0,-1.0,-1.0,-1.0,-1.0,-1.0,-1.0,-1.0,-1.0,0,0
A094,3.0,52,9,3,8.083333333333334,2,1,2,66,12,15,9,14,12,11,3,16,9,10,7,8,7,2,38,2,41,8,14.0,4.0,4.0,8.0,29.0,13.0,16.0,4.0,21.0,61.0,5.0,31.0,26.0,23.0,30.0,24.0,20.0,1.0,7,6,2,9,12,5,3,6,12,13,14,8,0,0,0,0,0,0,0,0,3,-1,5,0,8.083333333333334,0.5833333333333334,25.0,25.0,25.0,25.0,25.0,25.0,25.0,25.0,25.0,25.0,25.0,25.0,0,0
A095,3.0,49,6,4,8.5,2,1,2,92,16,16,9,8,10,23,7,7,21,14,11,11,6,4,28,12,55,13,7.0,2.0,21.0,14.0,20.0,7.0,9.0,17.0,2.0,75.0,4.0,9.0,34.0,20.0,32.0,83.0,14.0,0.0,9,8,7,7,11,11,7,7,9,8,14,10,1,0,0,0,-1,0,0,0,0,0,0,-1,9.0,-0.08333333333333333,25.0,25.0,25.0,25.0,25.0,25.0,25.0,25.0,25.0,25.0,25.0,25.0,0,0
A096,3.0,87,4,2,5.777777777777778,5,0,1,46,10,14,6,10,9,12,3,4,4,6,8,14,5,5,0,2,2,0,3.0,3.0,5.0,6.0,17.0,22.0,7.0,4.0,8.0,88.0,11.0,8.0,3.0,11.0,15.0,16.0,17.0,0.0,8,8,4,15,5,2,8,1,0,0,0,1,5,0,0,0,0,0,0,1,0,0,0,0,4.333333333333333,0.5,25.0,25.0,25.0,25.0,25.0,25.0,25.0,25.0,8.765555555555556,5.840833333333336,7.6175,25.0,0,0
A097,2.0,25,4,3,8.1,0,1,1,17,5,5,4,4,6,5,3,4,1,3,2,4,1,0,11,1,20,3,8.0,1.0,10.0,8.0,15.0,6.0,9.0,5.0,15.0,8.0,3.0,0.0,3.0,1.0,13.0,23.0,8.0,1.0,8,10,12,15,12,5,-1,0,7,2,9,12,1,0,0,0,0,0,-1,-1,-1,0,0,2,7.583333333333333,0.0,25.0,25.0,25.0,25.0,25.0,25.0,-1.0,2.1133333333333333,25.0,25.0,25.0,25.0,0,0
A098,6.0,32,4,5,6.5,0,1,1,13,0,1,0,1,0,1,5,5,1,2,5,3,1,0,0,1,1,1,1.0,0.0,1.0,2.0,4.0,2.0,5.0,4.0,16.0,2.0,2.0,7.0,10.0,2.0,10.0,11.0,5.0,9.0,6,3,6,4,5,3,12,11,11,4,0,0,6,3,6,4,-1,3,5,4,9,3,0,0,5.416666666666667,3.5,25.0,25.0,25.0,25.0,25.0,25.0,25.0,25.0,25.0,25.0,23.933888888888887,1.0730555555555554,0,0
A099,2.0,34,2,8,3.125,0,1,1,31,3,5,6,0,3,8,3,3,2,8,2,6,7,5,6,3,10,7,3.0,1.0,7.0,8.0,9.0,8.0,8.0,8.0,22.0,23.0,0.0,12.0,7.0,7.0,9.0,14.0,21.0,26.0,2,4,1,0,5,4,1,7,1,0,0,0,2,0,0,0,0,-1,0,0,0,0,0,-1,2.0833333333333335,0.0,25.0,25.0,25.0,3.631388888888889,25.0,25.0,25.0,25.0,25.0,8.92361111111111,11.143333333333334,2.9219444444444456,0,0
A100,3.0,13,4,3,0.0,1,1,2,35,6,6,9,6,11,4,9,9,8,5,5,5,4,2,6,8,19,11,10.0,2.0,0.0,4.0,4.0,3.0,3.0,0.0,4.0,3.0,1.0,3.0,0.0,0.0,0.0,4.0,10.0,74.0,0,0,0,0,0,0,0,-1,-1,-1,0,-1,0,-1,0,0,-1,0,0,-1,-1,-1,0,-1,-0.3333333333333333,-0.5,4.494444444444444,5.769722222222224,7.861944444444443,6.836111111111112,9.403888888888888,3.794166666666669,0.09083333333333599,-1.0,-1.0,-1.0,3.0930555555555586,-1.0,1,1
A101,2.0,31,3,10,3.875,6,0,1,23,3,7,7,5,6,2,4,5,4,7,5,2,2,2,0,3,2,1,1.0,2.0,2.0,10.0,12.0,5.0,10.0,3.0,3.0,16.0,0.0,18.0,8.0,17.0,10.0,12.0,16.0,0.0,1,8,0,0,3,3,1,0,0,2,9,4,1,0,0,0,0,0,0,0,0,0,0,2,2.5833333333333335,0.25,25.0,25.0,1.5777777777777757,0.9586111111111109,25.0,25.0,25.0,2.5775000000000006,4.515555555555554,25.0,25.0,25.0,0,0
A102,0.0,12,1,0,0.0,2,1,2,33,12,10,16,6,2,2,4,8,7,9,4,2,1,1,8,3,11,5,2.0,1.0,0.0,9.0,11.0,14.0,5.0,0.0,0.0,2.0,28.0,16.0,23.0,0.0,31.0,0.0,0.0,0.0,0,0,0,0,-1,-1,0,0,-1,0,-1,-1,0,0,0,-1,-1,-1,0,0,-1,-1,-1,-1,-0.4166666666666667,-0.5833333333333334,9.484722222222222,10.18361111111111,8.37361111111111,8.415833333333333,-1.0,-1.0,8.50527777777778,7.67861111111111,-1.0,8.574722222222222,-1.0,-1.0,0,0
A103,3.0,16,5,4,1.0,4,0,1,26,5,5,4,5,3,6,3,4,3,4,3,4,1,1,19,1,21,0,5.0,1.0,0.0,5.0,9.0,5.0,7.0,0.0,6.0,39.0,0.0,12.0,9.0,4.0,3.0,24.0,2.0,0.0,1,0,1,0,0,1,0,0,0,0,0,-1,1,0,0,0,0,0,0,0,0,0,0,-1,0.16666666666666666,0.0,25.0,11.316666666666666,25.0,11.601666666666667,3.3088888888888874,25.0,6.760555555555555,4.553055555555556,3.2113888888888873,1.4472222222222229,2.789999999999999,-1.0,0,0
A104,4.0,11,2,2,5.0,0,1,1,17,8,6,4,3,5,3,5,8,2,2,4,2,2,2,9,3,9,0,4.0,4.0,2.0,3.0,7.0,7.0,9.0,0.0,8.0,14.0,0.0,0.0,0.0,5.0,1.0,39.0,5.0,0.0,5,0,0,0,0,0,-1,-1,0,-1,5,-1,5,0,0,0,0,0,-1,-1,-1,-1,5,-1,0.5,0.4166666666666667,25.0,6.764722222222222,7.509999999999998,5.738333333333333,12.575000000000001,5.919722222222223,-1.0,-1.0,7.161111111111111,-1.0,25.0,-1.0,0,0
A105,0.0,0,0,0,0.0,0,1,1,4,0,0,0,0,0,0,0,0,0,0,0,0,0,0,0,0,0,2,8.0,0.0,0.0,0.0,1.0,0.0,0.0,0.0,0.0,0.0,0.0,0.0,0.0,0.0,0.0,0.0,0.0,0.0,-1,0,-1,-1,-1,-1,-1,-1,-1,-1,-1,-1,-1,-1,-1,-1,-1,-1,-1,-1,-1,-1,-1,-1,-0.9166666666666666,-1.0,-1.0,13.92388888888889,-1.0,-1.0,-1.0,-1.0,-1.0,-1.0,-1.0,-1.0,-1.0,-1.0,0,0
A106,3.0,7,2,2,3.0,0,1,1,29,6,2,1,2,1,3,5,8,3,5,7,7,3,2,7,2,7,18,3.0,0.0,6.0,6.0,5.0,6.0,5.0,6.0,3.0,23.0,0.0,9.0,0.0,9.0,23.0,24.0,0.0,0.0,0,0,1,1,-1,0,0,-1,0,0,7,3,0,-1,1,1,-1,0,-1,-1,-1,0,7,-1,0.8333333333333334,0.25,4.898055555555555,5.280833333333334,25.0,25.0,-1.0,9.738055555555556,7.068055555555553,-1.0,4.792222222222222,10.476944444444444,25.0,25.0,0,0
B001,0.0,0,0,0,11.0,1,1,2,8,0,0,0,0,0,0,0,0,0,0,0,0,0,0,0,0,0,6,5.0,11.0,7.0,1.0,0.0,0.0,0.0,0.0,1.0,0.0,0.0,0.0,0.0,0.0,0.0,1.0,0.0,0.0,11,-1,-1,-1,-1,-1,-1,-1,-1,-1,-1,-1,-1,-1,-1,-1,-1,-1,-1,-1,-1,-1,-1,-1,0.0,-1.0,25.0,-1.0,-1.0,-1.0,-1.0,-1.0,-1.0,-1.0,-1.0,-1.0,-1.0,-1.0,0,0
B002,3.0,33,4,2,5.7272727272727275,0,1,1,36,9,7,6,9,14,10,14,9,7,10,3,2,3,2,1,1,1,0,5.0,3.0,3.0,8.0,5.0,12.0,8.0,11.0,13.0,31.0,2.0,15.0,60.0,8.0,15.0,3.0,0.0,0.0,6,8,9,7,1,0,3,1,4,1,8,15,6,2,6,6,0,0,1,0,-1,-1,8,-1,5.25,2.1666666666666665,25.0,25.0,25.0,25.0,25.0,5.208333333333332,25.0,25.0,25.0,25.0,25.0,25.0,0,0
B003,5.0,24,6,5,4.0,0,1,1,25,6,5,2,1,4,3,3,3,2,4,3,4,4,6,15,1,18,0,3.0,0.0,0.0,4.0,9.0,6.0,6.0,9.0,10.0,9.0,7.0,8.0,5.0,10.0,8.0,11.0,21.0,1.0,3,0,0,0,0,0,7,0,2,0,0,0,3,0,0,0,0,0,0,0,2,0,0,0,1.0,0.4166666666666667,25.0,4.319722222222222,3.365277777777777,2.4499999999999993,1.923333333333332,6.252499999999998,25.0,3.457222222222221,25.0,7.884722222222219,7.34,12.09611111111111,0,0
B004,5.0,49,10,4,7.166666666666667,13,1,5,120,12,11,8,8,9,16,9,15,10,25,19,26,14,6,42,10,52,16,11.0,17.0,4.0,8.0,11.0,31.0,18.0,20.0,11.0,52.0,22.0,37.0,18.0,23.0,50.0,55.0,27.0,23.0,14,14,12,14,12,11,2,9,4,6,9,13,5,4,2,5,4,0,2,0,4,3,6,0,10.0,2.9166666666666665,25.0,25.0,25.0,25.0,25.0,25.0,25.0,25.0,25.0,25.0,25.0,25.0,0,0
B005,6.0,33,8,3,7.1,5,0,3,27,5,4,5,6,7,8,3,4,2,5,3,5,2,4,8,2,12,3,6.0,4.0,1.0,5.0,4.0,6.0,9.0,12.0,11.0,33.0,17.0,3.0,9.0,4.0,10.0,15.0,10.0,1.0,14,8,4,4,3,4,14,7,0,0,6,7,14,0,0,1,0,0,0,0,0,0,0,0,5.916666666666667,1.25,25.0,25.0,25.0,25.0,25.0,25.0,25.0,25.0,12.079444444444444,13.634166666666667,25.0,25.0,0,0
B006,6.0,44,7,5,3.75,1,1,1,71,14,11,8,11,12,12,5,11,11,10,10,17,9,3,20,7,27,4,8.0,5.0,9.0,2.0,25.0,8.0,7.0,25.0,14.0,44.0,25.0,18.0,23.0,14.0,19.0,18.0,17.0,24.0,13,6,4,4,1,4,5,2,4,3,3,3,8,1,0,0,0,0,0,0,1,2,0,0,4.333333333333333,1.0,25.0,25.0,25.0,25.0,25.0,25.0,25.0,25.0,25.0,25.0,25.0,25.0,0,0
B007,3.0,6,2,2,3.9,2,1,2,34,7,8,7,5,7,8,6,9,6,9,7,4,3,0,7,2,7,14,1.0,3.0,2.0,9.0,6.0,11.0,5.0,8.0,27.0,7.0,8.0,20.0,9.0,4.0,9.0,22.0,0.0,0.0,5,5,5,3,4,6,0,1,3,1,6,-1,5,3,5,3,4,5,0,1,3,1,5,-1,3.1666666666666665,2.8333333333333335,25.0,25.0,25.0,25.0,25.0,25.0,15.0625,25.0,25.0,25.0,25.0,-1.0,0,0
B008,5.0,37,6,4,6.333333333333333,0,1,1,66,17,12,9,6,10,12,12,6,7,10,11,10,9,6,14,3,17,18,6.0,6.0,8.0,10.0,11.0,16.0,10.0,9.0,12.0,61.0,15.0,10.0,11.0,14.0,17.0,58.0,13.0,0.0,14,8,6,5,6,5,1,6,4,4,6,11,3,0,0,0,0,0,0,0,0,0,0,-1,6.333333333333333,0.16666666666666666,25.0,25.0,25.0,25.0,25.0,25.0,25.0,25.0,25.0,25.0,25.0,25.0,0,0
B009,3.0,22,2,3,4.4,0,1,1,33,2,1,2,5,2,4,3,7,5,7,5,9,4,2,2,7,11,0,0.0,3.0,1.0,2.0,5.0,5.0,3.0,4.0,3.0,22.0,5.0,10.0,4.0,4.0,19.0,36.0,3.0,24.0,6,0,0,0,0,7,0,3,0,1,5,-1,0,0,0,0,-1,0,0,0,0,0,0,-1,1.75,-0.16666666666666666,25.0,0.3563888888888904,9.556666666666667,6.006666666666664,11.7175,25.0,10.636666666666667,25.0,14.8975,25.0,25.0,-1.0,0,0
B010,5.0,33,11,4,9.777777777777779,0,1,1,15,2,3,0,3,1,0,0,1,2,3,5,1,1,2,11,6,14,34,0.0,0.0,5.0,8.0,16.0,2.0,11.0,12.0,6.0,60.0,6.0,7.0,6.0,2.0,11.0,11.0,2.0,0.0,6,14,13,0,6,9,15,0,7,0,6,13,6,0,13,0,2,-1,0,0,0,0,6,12,7.416666666666667,3.1666666666666665,25.0,25.0,25.0,3.452222222222222,25.0,25.0,25.0,1.2899999999999991,25.0,6.284444444444446,25.0,25.0,0,0
B011,4.0,50,6,4,3.6,0,1,1,9,2,1,2,0,2,2,2,1,0,1,2,1,0,0,29,3,37,5,2.0,3.0,0.0,8.0,2.0,8.0,2.0,9.0,11.0,16.0,4.0,4.0,3.0,3.0,4.0,41.0,56.0,1.0,3,0,0,0,1,1,0,0,0,0,3,10,0,0,0,0,0,0,0,0,0,0,3,9,1.5,1.0,25.0,1.5413888888888891,5.833333333333332,2.3397222222222247,25.0,25.0,11.118333333333332,1.5711111111111116,2.761944444444442,2.158333333333335,25.0,25.0,0,0
B012,3.0,34,4,2,6.916666666666667,1,0,1,79,16,15,11,17,15,11,12,16,15,14,12,6,7,7,34,11,43,0,6.0,4.0,4.0,12.0,25.0,14.0,9.0,24.0,13.0,72.0,11.0,16.0,12.0,14.0,45.0,56.0,5.0,0.0,7,14,7,7,6,1,14,7,5,7,6,8,1,0,0,2,0,0,0,-1,0,0,0,-1,7.416666666666667,0.08333333333333333,25.0,25.0,25.0,25.0,25.0,25.0,25.0,25.0,25.0,25.0,25.0,25.0,0,0
B013,6.0,15,3,3,9.333333333333334,2,0,1,33,0,1,1,1,0,0,6,8,7,5,8,6,3,1,6,1,6,4,3.0,3.0,4.0,5.0,0.0,10.0,7.0,6.0,1.0,6.0,24.0,8.0,6.0,9.0,17.0,20.0,5.0,0.0,10,11,1,6,11,11,5,8,13,13,11,12,10,11,1,4,1,8,1,0,0,0,5,-1,9.333333333333334,3.3333333333333335,25.0,25.0,25.0,25.0,25.0,25.0,25.0,25.0,25.0,25.0,25.0,25.0,0,0
B014,6.0,17,3,2,5.7272727272727275,0,1,1,41,10,11,10,5,7,13,6,5,4,3,4,10,8,8,1,1,1,34,1.0,13.0,10.0,18.0,6.0,15.0,7.0,16.0,15.0,25.0,9.0,8.0,10.0,6.0,19.0,20.0,1.0,0.0,4,11,1,8,1,8,1,8,0,1,8,12,4,11,1,8,1,8,1,8,0,1,7,12,5.25,5.166666666666667,25.0,25.0,25.0,25.0,25.0,25.0,25.0,25.0,13.6475,25.0,25.0,25.0,0,0
B015,4.0,32,6,4,4.285714285714286,0,1,1,25,5,3,4,6,3,3,7,8,3,2,3,7,6,1,7,0,8,0,2.0,1.0,1.0,2.0,7.0,9.0,3.0,11.0,5.0,24.0,10.0,16.0,7.0,18.0,8.0,13.0,9.0,5.0,1,1,0,0,0,0,5,0,2,2,7,12,1,0,0,-1,0,0,0,0,0,0,0,0,2.5,0.0,25.0,25.0,3.03027777777778,5.391388888888887,19.610833333333332,7.926666666666666,25.0,0.735833333333332,25.0,25.0,25.0,25.0,0,1
B016,3.0,14,9,1,0.0,0,1,1,16,8,8,4,6,5,7,6,8,2,2,1,1,1,1,16,6,30,1,0.0,2.0,1.0,3.0,10.0,0.0,0.0,0.0,22.0,62.0,7.0,0.0,3.0,1.0,0.0,0.0,2.0,37.0,0,0,-1,-1,-1,0,-1,-1,0,-1,-1,-1,0,0,-1,-1,-1,0,-1,-1,-1,-1,-1,-1,-0.6666666666666666,-0.75,10.065555555555555,11.752777777777778,-1.0,-1.0,-1.0,6.898333333333333,-1.0,-1.0,7.009444444444444,-1.0,-1.0,-1.0,0,0
B017,5.0,12,3,3,4.666666666666667,0,1,1,55,3,3,6,10,11,9,6,10,8,6,9,10,7,5,31,5,32,0,11.0,3.0,1.0,3.0,7.0,10.0,8.0,13.0,9.0,28.0,1.0,0.0,2.0,1.0,59.0,44.0,1.0,0.0,6,3,2,0,0,1,-1,0,-1,0,6,11,0,-1,2,0,0,-1,-1,-1,-1,0,5,-1,2.25,0.08333333333333333,25.0,25.0,25.0,6.726944444444445,6.500833333333333,25.0,-1.0,6.33527777777778,-1.0,10.099722222222223,25.0,25.0,0,0
B018,4.0,16,2,0,7.4,0,1,1,24,8,5,6,6,6,6,4,3,3,3,1,3,1,2,10,1,15,16,8.0,10.0,3.0,11.0,22.0,13.0,7.0,4.0,0.0,2.0,0.0,0.0,2.0,0.0,4.0,26.0,0.0,39.0,14,13,8,14,1,-1,-1,-1,-1,-1,-1,-1,1,6,0,1,-1,-1,-1,-1,-1,-1,-1,-1,3.5833333333333335,0.0,25.0,25.0,25.0,25.0,25.0,-1.0,-1.0,-1.0,-1.0,-1.0,-1.0,-1.0,0,0
B019,2.0,22,3,3,3.5,0,1,1,22,6,5,3,2,6,6,2,10,4,3,2,1,0,1,13,3,17,0,3.0,14.0,0.0,3.0,7.0,13.0,5.0,8.0,15.0,26.0,11.0,8.0,9.0,5.0,6.0,23.0,10.0,10.0,14,0,1,0,2,0,2,1,1,0,0,0,2,0,0,0,0,0,2,0,0,0,0,0,1.75,0.3333333333333333,25.0,4.059444444444445,25.0,13.2425,25.0,9.1425,25.0,25.0,25.0,5.020000000000003,5.738333333333333,12.373888888888889,0,0
B020,2.0,14,4,2,2.5,1,1,2,46,8,8,4,4,4,3,2,9,4,7,8,7,8,6,15,4,27,14,5.0,3.0,0.0,6.0,11.0,8.0,1.0,8.0,5.0,28.0,9.0,8.0,8.0,1.0,4.0,0.0,7.0,44.0,1,1,0,-1,0,1,0,0,7,0,-1,0,1,0,0,-1,0,0,-1,-1,-1,-1,-1,-1,0.6666666666666666,-0.5,25.0,25.0,9.38111111111111,-1.0,10.619444444444444,25.0,4.28361111111111,10.900555555555554,25.0,23.924166666666668,-1.0,13.549722222222224,1,1
B021,1.0,18,4,0,1.5,0,1,1,8,1,5,0,0,2,2,0,0,0,0,0,0,0,0,8,0,8,15,17.0,2.0,0.0,6.0,35.0,9.0,10.0,11.0,8.0,10.0,8.0,3.0,0.0,0.0,0.0,0.0,0.0,0.0,2,2,0,1,1,0,-1,-1,-1,-1,-1,-1,2,1,0,1,0,0,-1,-1,-1,-1,-1,-1,0.0,-0.16666666666666666,25.0,25.0,4.753888888888888,25.0,25.0,2.96222222222222,-1.0,-1.0,-1.0,-1.0,-1.0,-1.0,0,0
B022,2.0,19,4,1,2.75,0,1,1,41,7,7,4,6,10,11,7,4,4,8,9,7,3,2,1,3,1,1,0.0,5.0,1.0,4.0,8.0,10.0,8.0,19.0,12.0,8.0,0.0,14.0,14.0,7.0,9.0,15.0,2.0,16.0,0,6,0,0,1,1,0,0,0,0,3,-1,0,-1,0,0,0,0,-1,0,0,0,-1,-1,0.8333333333333334,-0.3333333333333333,1.9761111111111127,25.0,4.740277777777777,7.464722222222221,25.0,25.0,8.922222222222222,12.77111111111111,4.157777777777778,2.950555555555553,25.0,-1.0,1,0
B023,3.0,25,5,0,4.545454545454546,8,0,1,21,1,4,5,3,4,4,2,2,4,5,3,1,3,3,8,1,10,1,2.0,1.0,1.0,2.0,14.0,10.0,8.0,8.0,19.0,18.0,5.0,5.0,7.0,10.0,9.0,11.0,4.0,0.0,10,8,6,1,3,4,14,1,1,1,-1,1,1,3,1,1,1,0,1,1,1,1,-1,-1,4.083333333333333,0.75,25.0,25.0,25.0,25.0,25.0,25.0,25.0,25.0,25.0,25.0,-1.0,25.0,0,0
B024,5.0,46,8,9,4.0,5,1,4,65,8,4,2,5,1,5,5,17,7,6,9,11,12,8,20,3,26,22,11.0,12.0,13.0,12.0,14.0,6.0,9.0,4.0,14.0,25.0,15.0,13.0,15.0,5.0,14.0,37.0,47.0,2.0,7,0,2,5,1,2,2,2,0,2,5,12,2,0,0,0,0,0,0,0,0,0,0,0,3.3333333333333335,0.16666666666666666,25.0,23.890833333333333,25.0,25.0,25.0,25.0,25.0,25.0,5.654444444444447,25.0,25.0,25.0,0,0
B025,2.0,10,2,1,2.75,0,1,1,18,4,5,2,7,5,2,2,5,3,2,1,2,1,3,8,4,15,0,0.0,3.0,0.0,3.0,4.0,0.0,7.0,8.0,7.0,9.0,0.0,2.0,1.0,1.0,5.0,31.0,1.0,16.0,4,0,-1,2,4,0,1,0,0,-1,-1,-1,4,0,-1,0,0,0,-1,-1,-1,-1,-1,-1,0.5833333333333334,-0.25,25.0,12.694444444444443,-1.0,25.0,25.0,8.614444444444445,25.0,8.886111111111111,11.920555555555556,-1.0,-1.0,-1.0,0,0
B026,5.0,30,4,2,2.9,0,1,1,45,6,9,8,4,12,12,6,10,6,13,12,5,2,3,11,3,12,14,1.0,6.0,5.0,12.0,8.0,13.0,7.0,19.0,37.0,15.0,10.0,13.0,8.0,26.0,28.0,30.0,1.0,0.0,11,1,2,3,3,2,1,4,1,1,0,-1,4,0,0,0,0,0,0,1,0,0,-1,-1,2.3333333333333335,0.25,25.0,25.0,25.0,25.0,25.0,25.0,25.0,25.0,25.0,25.0,10.574444444444445,-1.0,0,0
B027,5.0,10,2,2,3.7142857142857144,1,0,1,34,2,6,13,9,10,9,14,8,3,8,2,6,5,6,5,1,5,0,4.0,0.0,0.0,14.0,16.0,8.0,6.0,11.0,12.0,35.0,5.0,8.0,7.0,7.0,9.0,30.0,3.0,0.0,1,3,3,0,0,4,2,0,0,0,3,10,0,0,0,0,0,0,0,0,0,0,0,-1,2.1666666666666665,-0.08333333333333333,25.0,25.0,25.0,3.455277777777777,13.510555555555557,25.0,25.0,2.2300000000000004,2.8922222222222196,2.9150000000000027,25.0,25.0,0,0
B028,3.0,44,4,4,7.0,1,1,2,30,4,2,2,1,1,2,5,3,1,9,6,5,2,1,15,2,16,11,5.0,7.0,3.0,4.0,4.0,3.0,12.0,13.0,21.0,7.0,4.0,6.0,5.0,4.0,50.0,30.0,6.0,0.0,12,8,7,4,8,4,10,1,7,7,10,14,1,0,0,0,0,0,0,0,0,0,3,10,7.666666666666667,1.1666666666666667,25.0,25.0,25.0,25.0,25.0,25.0,25.0,25.0,25.0,25.0,25.0,25.0,0,0
B029,4.0,26,6,6,6.916666666666667,1,1,1,55,3,6,8,5,5,4,11,8,6,10,9,13,7,7,13,10,18,4,2.0,0.0,5.0,24.0,5.0,12.0,3.0,13.0,10.0,21.0,4.0,19.0,7.0,14.0,13.0,24.0,15.0,19.0,12,11,12,7,5,7,2,7,4,7,4,5,11,9,2,4,2,2,1,4,1,2,4,0,6.916666666666667,3.5,25.0,25.0,25.0,25.0,25.0,25.0,25.0,25.0,25.0,25.0,25.0,25.0,0,0
B030,6.0,24,2,2,3.6,11,0,2,30,5,5,2,2,6,4,1,2,4,5,7,5,4,4,0,0,0,6,1.0,4.0,4.0,2.0,6.0,9.0,7.0,12.0,4.0,12.0,3.0,11.0,13.0,7.0,9.0,22.0,3.0,0.0,7,2,3,5,2,3,0,2,3,4,5,-1,7,2,3,0,0,0,0,0,3,4,1,-1,2.9166666666666665,1.5833333333333333,25.0,25.0,25.0,25.0,25.0,25.0,6.873055555555556,25.0,25.0,25.0,25.0,-1.0,0,0
B031,3.0,39,2,9,6.0,0,1,1,26,10,8,8,5,4,3,6,4,6,7,2,2,1,1,30,4,34,2,2.0,3.0,0.0,6.0,13.0,5.0,3.0,1.0,0.0,33.0,4.0,1.0,0.0,0.0,18.0,44.0,55.0,0.0,0,0,0,0,0,-1,0,-1,-1,-1,6,11,0,0,0,-1,-1,-1,-1,-1,-1,-1,4,0,1.0833333333333333,-0.25,15.229722222222222,11.787500000000001,5.451111111111111,2.7424999999999997,1.8405555555555573,-1.0,3.990277777777777,-1.0,-1.0,-1.0,25.0,25.0,0,0
B032,2.0,26,5,3,6.5,0,1,1,19,4,5,4,4,3,3,4,5,2,5,4,1,3,1,19,7,44,13,0.0,0.0,1.0,1.0,2.0,1.0,4.0,5.0,5.0,2.0,0.0,1.0,0.0,8.0,13.0,16.0,9.0,29.0,11,0,0,0,0,0,0,-1,0,-1,2,-1,-1,-1,-1,-1,-1,0,-1,-1,-1,-1,-1,-1,0.8333333333333334,-0.9166666666666666,25.0,1.0569444444444436,12.9675,4.84138888888889,12.390833333333333,2.53361111111111,13.4825,-1.0,14.144166666666667,-1.0,25.0,-1.0,0,0
B033,1.0,34,6,0,0.0,0,1,1,29,6,8,4,7,6,6,10,10,5,6,5,5,1,1,13,2,19,5,0.0,0.0,0.0,7.0,17.0,13.0,9.0,8.0,15.0,13.0,2.0,10.0,2.0,0.0,0.0,3.0,1.0,64.0,0,0,0,0,0,0,0,0,-1,-1,-1,-1,0,0,0,0,0,0,0,-1,-1,-1,-1,-1,-0.3333333333333333,-0.4166666666666667,13.168611111111112,9.528333333333332,10.826666666666668,10.869722222222222,4.244166666666668,6.093611111111112,11.489166666666666,8.619166666666667,-1.0,-1.0,-1.0,-1.0,0,0
B034,4.0,72,6,8,6.666666666666667,14,0,4,13,5,8,6,4,4,3,3,4,1,2,0,5,1,0,1,0,1,13,6.0,7.0,6.0,5.0,14.0,16.0,7.0,19.0,11.0,13.0,10.0,3.0,16.0,12.0,20.0,20.0,11.0,8.0,7,9,7,4,2,0,0,0,4,10,6,11,2,0,0,0,0,0,0,0,0,0,0,0,5.0,0.16666666666666666,25.0,25.0,25.0,25.0,25.0,12.563888888888888,4.894722222222221,23.947222222222223,25.0,25.0,25.0,25.0,0,0
B035,2.0,11,3,2,7.5,1,0,1,42,3,6,6,3,9,3,3,2,4,4,7,12,9,2,3,8,5,8,3.0,4.0,3.0,11.0,27.0,7.0,16.0,11.0,9.0,23.0,12.0,6.0,0.0,10.0,13.0,48.0,6.0,0.0,0,7,7,14,7,1,12,-1,0,0,7,14,0,0,0,0,0,0,0,-1,0,0,4,11,5.666666666666667,1.1666666666666667,8.64,25.0,25.0,25.0,25.0,25.0,25.0,-1.0,4.089166666666667,4.646944444444443,25.0,25.0,0,0
B036,0.0,0,0,0,2.5,0,1,1,0,1,2,1,0,0,0,0,0,0,0,0,0,0,0,1,0,1,0,0.0,0.0,0.0,1.0,7.0,1.0,0.0,1.0,0.0,0.0,0.0,0.0,0.0,0.0,0.0,0.0,0.0,0.0,4,0,-1,-1,1,-1,-1,-1,-1,-1,-1,-1,-1,-1,-1,-1,-1,-1,-1,-1,-1,-1,-1,-1,-0.3333333333333333,-1.0,25.0,5.390277777777776,-1.0,-1.0,25.0,-1.0,-1.0,-1.0,-1.0,-1.0,-1.0,-1.0,0,0
B037,4.0,75,5,4,7.3,0,1,1,51,11,16,11,7,8,11,12,19,9,12,8,8,6,3,9,4,14,3,0.0,9.0,9.0,8.0,19.0,15.0,9.0,13.0,28.0,65.0,12.0,22.0,17.0,18.0,22.0,43.0,11.0,2.0,14,10,13,7,4,5,1,0,0,1,6,12,8,1,0,3,3,1,0,0,0,1,5,11,6.083333333333333,2.75,25.0,25.0,25.0,25.0,25.0,25.0,25.0,11.261944444444445,11.269444444444444,25.0,25.0,25.0,0,0
B038,2.0,4,3,1,0.0,15,0,2,34,1,3,9,6,5,7,3,6,7,9,7,5,3,1,3,4,7,3,4.0,6.0,3.0,5.0,5.0,5.0,0.0,0.0,5.0,30.0,12.0,13.0,2.0,10.0,8.0,1.0,0.0,33.0,0,0,0,-1,-1,0,0,-1,0,0,-1,-1,0,0,0,-1,-1,0,0,-1,0,-1,-1,-1,-0.4166666666666667,-0.5,2.9122222222222227,3.1719444444444456,5.172777777777778,-1.0,-1.0,4.150555555555556,1.597222222222225,-1.0,3.359166666666667,0.2063888888888883,-1.0,-1.0,0,0
B039,6.0,46,9,11,7.25,11,0,2,93,13,8,5,6,18,16,8,12,11,10,19,18,12,10,31,20,44,3,12.0,9.0,4.0,20.0,20.0,8.0,9.0,17.0,33.0,55.0,15.0,14.0,15.0,24.0,39.0,7.0,43.0,48.0,14,4,7,7,4,5,11,4,4,5,9,13,6,1,7,1,1,0,0,1,1,0,6,0,7.25,2.0,25.0,25.0,25.0,25.0,25.0,25.0,25.0,25.0,25.0,25.0,25.0,25.0,0,0
B040,6.0,89,10,5,13.833333333333334,14,0,3,66,15,8,9,9,9,10,7,7,8,11,14,11,5,4,32,4,36,6,16.0,18.0,9.0,12.0,15.0,12.0,15.0,24.0,42.0,62.0,18.0,22.0,12.0,19.0,33.0,45.0,11.0,5.0,14,15,13,15,14,10,15,14,14,14,11,17,8,4,6,0,0,0,2,5,3,2,6,8,13.833333333333334,3.6666666666666665,25.0,25.0,25.0,25.0,25.0,25.0,25.0,25.0,25.0,25.0,25.0,25.0,0,0
B041,1.0,7,2,1,10.5,0,1,1,10,10,7,4,4,1,3,1,5,1,1,1,1,1,1,16,3,28,4,3.0,4.0,4.0,4.0,16.0,10.0,0.0,0.0,0.0,8.0,0.0,0.0,0.0,9.0,1.0,1.0,23.0,18.0,14,0,7,-1,-1,-1,-1,-1,-1,-1,-1,-1,1,0,0,-1,-1,-1,-1,-1,-1,-1,-1,-1,1.0,-0.6666666666666666,25.0,7.291666666666668,25.0,-1.0,-1.0,-1.0,-1.0,-1.0,-1.0,-1.0,-1.0,-1.0,0,0
B042,3.0,25,8,6,10.272727272727273,1,1,2,72,12,11,12,6,4,6,8,12,7,11,15,12,8,6,30,9,32,5,14.0,9.0,7.0,14.0,24.0,15.0,5.0,9.0,9.0,27.0,3.0,19.0,30.0,20.0,27.0,60.0,6.0,1.0,14,14,13,13,12,3,0,7,14,5,7,16,0,0,0,0,0,-1,-1,0,0,0,5,-1,9.833333333333334,0.16666666666666666,25.0,25.0,25.0,25.0,25.0,25.0,12.698888888888888,25.0,25.0,25.0,25.0,25.0,0,0
B043,3.0,47,8,3,5.818181818181818,1,1,2,7,2,0,0,0,0,0,0,0,0,0,0,0,0,0,23,0,26,22,12.0,2.0,14.0,1.0,11.0,10.0,4.0,8.0,14.0,28.0,17.0,2.0,4.0,7.0,20.0,15.0,4.0,1.0,7,5,3,1,0,3,12,4,4,4,10,15,7,0,0,0,0,0,0,0,0,0,7,13,5.666666666666667,2.25,25.0,25.0,25.0,25.0,8.0575,25.0,25.0,25.0,25.0,25.0,25.0,25.0,0,0
B044,2.0,22,4,4,3.5,1,0,1,22,5,7,4,5,5,5,3,0,5,3,2,3,0,0,0,1,1,1,1.0,2.0,5.0,9.0,8.0,4.0,3.0,8.0,2.0,22.0,0.0,4.0,5.0,4.0,8.0,20.0,6.0,1.0,3,7,0,0,0,0,0,0,1,0,3,0,1,0,0,0,0,0,0,0,0,0,0,0,1.1666666666666667,0.08333333333333333,25.0,25.0,10.392777777777779,4.320555555555554,7.786666666666669,10.783888888888889,9.942222222222222,6.998888888888889,25.0,5.657500000000002,25.0,8.084999999999999,0,0
B045,5.0,25,7,7,2.5,2,0,1,32,2,3,2,5,3,4,7,6,8,9,5,4,2,3,16,0,21,0,1.0,3.0,2.0,5.0,5.0,5.0,9.0,6.0,7.0,14.0,4.0,13.0,13.0,3.0,7.0,19.0,20.0,13.0,3,1,2,3,2,0,0,1,6,2,0,0,1,0,0,0,0,0,0,0,0,0,0,0,1.6666666666666667,0.08333333333333333,25.0,25.0,25.0,25.0,25.0,13.734166666666667,12.725,25.0,25.0,25.0,13.282222222222222,14.044722222222223,0,0
B046,6.0,29,4,3,8.636363636363637,1,0,1,40,8,4,6,7,5,12,7,8,7,8,6,5,5,4,3,2,7,1,2.0,5.0,7.0,8.0,23.0,61.0,7.0,26.0,34.0,21.0,16.0,3.0,14.0,15.0,12.0,16.0,9.0,16.0,10,6,9,14,14,8,14,6,7,0,2,5,9,5,4,9,5,0,9,2,0,0,0,-1,7.916666666666667,3.5,25.0,25.0,25.0,25.0,25.0,25.0,25.0,25.0,25.0,9.133888888888889,25.0,25.0,0,0
B047,2.0,21,6,2,2.888888888888889,0,1,1,60,13,16,17,4,4,5,4,14,12,9,18,6,2,3,49,5,56,41,4.0,3.0,1.0,11.0,16.0,22.0,11.0,9.0,14.0,62.0,2.0,11.0,1.0,34.0,13.0,5.0,27.0,54.0,1,3,3,2,0,6,4,1,2,4,-1,-1,0,0,0,0,0,0,0,-1,0,-1,-1,-1,2.0,-0.3333333333333333,25.0,25.0,25.0,25.0,12.366944444444444,25.0,25.0,25.0,25.0,25.0,-1.0,-1.0,0,0
B048,4.0,21,5,0,6.625,1,0,1,17,1,6,3,1,3,3,3,2,2,4,9,1,0,0,3,0,3,0,1.0,0.0,9.0,7.0,10.0,2.0,7.0,9.0,18.0,5.0,32.0,4.0,8.0,7.0,13.0,0.0,4.0,0.0,10,3,0,6,6,0,10,7,7,0,-1,4,10,1,0,1,0,0,0,1,0,0,-1,-1,4.333333333333333,0.9166666666666666,25.0,25.0,5.81111111111111,25.0,25.0,4.433611111111109,25.0,25.0,25.0,4.623055555555556,-1.0,25.0,0,0
B049,3.0,16,4,4,5.0,9,0,1,60,3,5,7,5,6,5,6,6,14,21,8,7,5,3,9,2,15,1,1.0,3.0,5.0,0.0,11.0,13.0,3.0,15.0,8.0,19.0,16.0,21.0,28.0,6.0,18.0,41.0,4.0,0.0,11,6,0,3,1,0,0,0,7,1,3,8,11,2,0,0,0,0,0,0,-1,0,1,8,3.3333333333333335,1.75,25.0,25.0,12.611666666666666,25.0,25.0,12.436666666666666,14.43611111111111,12.46,25.0,25.0,25.0,25.0,0,0
B050,6.0,51,13,5,11.166666666666666,2,1,2,103,23,17,22,16,12,28,26,24,17,11,17,12,13,5,46,4,51,7,16.0,15.0,23.0,31.0,15.0,12.0,6.0,27.0,93.0,87.0,4.0,28.0,14.0,16.0,41.0,39.0,11.0,1.0,14,15,13,15,14,11,15,9,13,8,8,15,10,8,2,4,2,2,1,4,1,1,2,9,12.5,3.8333333333333335,25.0,25.0,25.0,25.0,25.0,25.0,25.0,25.0,25.0,25.0,25.0,25.0,0,0
B051,3.0,37,7,2,5.916666666666667,0,1,1,101,20,19,10,12,24,22,11,8,11,18,20,18,18,7,0,1,3,24,8.0,5.0,7.0,18.0,9.0,28.0,6.0,28.0,35.0,29.0,2.0,32.0,11.0,22.0,23.0,12.0,15.0,28.0,8,10,3,4,3,3,3,3,10,3,7,14,1,0,0,0,0,0,0,0,0,0,0,0,5.916666666666667,0.08333333333333333,25.0,25.0,25.0,25.0,25.0,25.0,25.0,25.0,25.0,25.0,25.0,25.0,0,0
B052,1.0,31,5,3,8.083333333333334,0,1,1,43,11,17,8,8,7,9,5,2,5,11,2,7,8,5,16,4,28,5,2.0,0.0,14.0,20.0,8.0,14.0,5.0,11.0,3.0,36.0,2.0,23.0,1.0,6.0,10.0,29.0,26.0,4.0,13,14,4,14,10,6,7,10,6,11,5,1,7,0,4,2,0,0,1,0,-1,-1,5,0,8.416666666666666,1.4166666666666667,25.0,25.0,25.0,25.0,25.0,25.0,25.0,25.0,25.0,25.0,25.0,25.0,1,0
B053,5.0,155,15,12,10.5,0,1,1,52,22,28,26,20,25,30,16,12,9,5,4,3,3,5,38,2,48,20,12.0,16.0,19.0,13.0,31.0,38.0,19.0,34.0,43.0,104.0,12.0,30.0,13.0,22.0,41.0,30.0,15.0,15.0,14,15,8,15,13,11,15,9,14,14,12,15,2,0,1,1,0,0,0,0,0,1,0,0,12.916666666666666,0.4166666666666667,25.0,25.0,25.0,25.0,25.0,25.0,25.0,25.0,25.0,25.0,25.0,25.0,0,0
B054,3.0,114,14,9,6.833333333333333,4,0,1,91,8,18,16,14,11,14,16,20,14,19,25,15,3,3,40,3,47,2,12.0,0.0,9.0,7.0,31.0,35.0,16.0,25.0,27.0,38.0,12.0,30.0,43.0,29.0,73.0,73.0,21.0,6.0,11,9,7,14,4,2,14,6,4,3,10,17,2,0,0,0,0,0,0,0,0,2,4,10,8.416666666666666,1.5,25.0,25.0,25.0,25.0,25.0,25.0,25.0,25.0,25.0,25.0,25.0,25.0,0,0
B055,3.0,23,3,7,3.75,0,1,1,57,8,9,7,10,9,8,4,1,7,11,11,16,4,2,8,4,16,7,0.0,4.0,1.0,6.0,9.0,7.0,6.0,4.0,6.0,29.0,9.0,5.0,6.0,1.0,22.0,25.0,22.0,50.0,12,0,0,0,0,0,4,0,-1,0,3,10,0,0,0,0,0,0,0,0,-1,0,3,10,2.3333333333333335,1.0,25.0,10.938611111111111,5.563055555555554,8.749444444444444,13.301666666666666,5.09888888888889,25.0,3.837500000000002,-1.0,4.625833333333333,25.0,25.0,0,0
B056,3.0,32,5,1,5.583333333333333,11,0,2,48,1,3,4,3,5,4,5,5,6,10,14,12,4,1,7,1,10,4,2.0,2.0,7.0,1.0,6.0,10.0,5.0,10.0,15.0,20.0,7.0,21.0,6.0,8.0,29.0,21.0,7.0,0.0,7,4,5,4,3,4,3,10,3,3,7,14,7,0,3,0,0,0,0,0,0,0,-1,-1,5.583333333333333,0.6666666666666666,25.0,25.0,25.0,25.0,25.0,25.0,25.0,25.0,25.0,25.0,25.0,25.0,0,0
B057,5.0,33,4,5,10.166666666666666,12,0,1,75,24,21,16,5,9,14,9,4,5,10,8,15,13,6,0,4,7,2,12.0,5.0,15.0,19.0,29.0,20.0,9.0,15.0,16.0,22.0,3.0,25.0,0.0,20.0,16.0,6.0,23.0,12.0,11,10,12,13,7,7,13,13,4,8,10,14,5,5,5,6,5,2,4,11,1,4,1,2,10.166666666666666,4.25,25.0,25.0,25.0,25.0,25.0,25.0,25.0,25.0,25.0,25.0,25.0,25.0,0,0
B058,4.0,11,3,4,6.25,0,1,1,0,0,0,0,0,0,0,0,0,0,0,0,0,0,0,1,0,1,0,0.0,0.0,6.0,0.0,9.0,3.0,3.0,4.0,6.0,2.0,0.0,2.0,0.0,5.0,0.0,2.0,3.0,1.0,7,14,10,1,3,7,1,-1,0,7,0,-1,7,0,0,0,0,0,-1,-1,-1,-1,0,-1,4.0,0.16666666666666666,25.0,25.0,25.0,25.0,25.0,25.0,25.0,-1.0,10.693055555555555,25.0,2.8197222222222216,-1.0,0,0
B059,3.0,13,2,1,3.6666666666666665,0,1,1,30,4,4,4,5,3,7,7,6,9,5,3,4,5,2,7,3,11,0,1.0,0.0,1.0,2.0,9.0,7.0,3.0,2.0,5.0,7.0,0.0,9.0,2.0,2.0,5.0,28.0,6.0,35.0,3,0,7,0,0,0,0,1,-1,-1,-1,-1,3,0,0,0,0,0,0,0,-1,-1,-1,-1,0.5833333333333334,-0.08333333333333333,25.0,11.625833333333333,25.0,8.654722222222222,11.054444444444444,13.622222222222222,6.539999999999999,25.0,-1.0,-1.0,-1.0,-1.0,0,0
B060,5.0,53,12,4,3.2222222222222223,9,0,2,50,1,4,3,5,7,7,2,9,5,11,8,10,6,4,13,7,18,1,10.0,4.0,2.0,11.0,9.0,13.0,9.0,12.0,12.0,33.0,5.0,31.0,16.0,16.0,20.0,50.0,6.0,1.0,2,1,1,1,2,0,0,0,1,1,8,12,2,0,1,0,-1,0,0,0,1,1,5,11,2.4166666666666665,1.6666666666666667,25.0,25.0,25.0,25.0,25.0,13.770833333333334,11.273888888888889,13.793333333333335,25.0,25.0,25.0,25.0,0,0
B061,1.0,1,2,0,0.0,0,1,1,20,4,7,0,2,4,5,1,1,2,2,4,2,1,2,0,1,5,0,0.0,2.0,0.0,3.0,11.0,0.0,0.0,0.0,5.0,0.0,0.0,2.0,2.0,9.0,3.0,0.0,4.0,9.0,-77,0,-1,-1,-1,0,0,0,0,0,-1,0,-77,0,-1,-1,-1,0,0,0,-1,0,-1,0,-6.75,-6.833333333333333,0.0,3.190555555555555,-1.0,-1.0,-1.0,4.176388888888891,1.7405555555555559,2.766388888888887,7.367222222222221,2.5683333333333316,-1.0,4.086388888888891,1,1
B062,5.0,43,6,6,9.916666666666666,1,1,1,12,4,1,1,4,6,9,4,7,2,0,2,3,3,0,20,3,23,4,1.0,5.0,1.0,2.0,20.0,2.0,10.0,29.0,7.0,52.0,3.0,2.0,2.0,4.0,15.0,34.0,13.0,1.0,12,5,12,15,5,8,14,9,6,6,11,16,0,0,0,0,0,0,0,0,0,0,0,0,9.916666666666666,0.0,25.0,25.0,25.0,25.0,25.0,25.0,25.0,25.0,25.0,25.0,25.0,25.0,0,0
B063,1.0,14,5,2,4.0,0,1,1,46,6,13,7,5,6,6,9,8,9,5,6,6,6,6,43,10,50,2,5.0,0.0,1.0,6.0,15.0,8.0,1.0,1.0,1.0,68.0,1.0,2.0,5.0,0.0,0.0,11.0,2.0,83.0,1,0,0,0,0,0,0,0,-1,-1,-1,7,0,0,0,-1,-1,-1,-1,-1,-1,-1,-1,-1,0.4166666666666667,-0.75,25.0,7.852777777777778,12.627222222222223,2.344444444444445,2.939444444444444,4.612777777777779,2.383611111111108,2.7733333333333334,-1.0,-1.0,-1.0,25.0,0,0
B064,5.0,23,7,2,8.909090909090908,10,0,1,63,11,7,14,1,6,13,4,7,7,8,11,15,9,6,6,2,8,1,6.0,14.0,1.0,14.0,15.0,21.0,12.0,9.0,21.0,22.0,13.0,9.0,9.0,18.0,20.0,39.0,1.0,1.0,14,8,13,15,6,4,14,10,9,7,11,-1,14,-1,0,0,0,0,0,0,0,0,4,-1,9.166666666666666,1.3333333333333333,25.0,25.0,25.0,25.0,25.0,25.0,25.0,25.0,25.0,25.0,25.0,-1.0,0,0
B065,6.0,32,8,6,5.166666666666667,19,0,1,37,6,10,2,5,3,6,2,2,3,9,10,8,4,3,11,6,14,0,1.0,1.0,5.0,4.0,8.0,6.0,8.0,6.0,6.0,32.0,4.0,18.0,3.0,16.0,23.0,3.0,10.0,18.0,10,5,6,3,1,4,1,8,3,10,10,6,1,1,0,1,1,1,0,0,0,1,0,0,5.583333333333333,0.5,25.0,25.0,25.0,25.0,25.0,25.0,25.0,25.0,25.0,25.0,25.0,25.0,0,0
B066,3.0,7,3,2,7.6,1,1,1,19,1,2,1,4,9,15,3,10,5,4,4,2,2,1,7,2,8,5,2.0,1.0,5.0,1.0,31.0,3.0,8.0,9.0,5.0,19.0,2.0,13.0,2.0,0.0,4.0,33.0,1.0,0.0,8,14,9,14,7,8,8,6,-1,0,6,13,7,1,9,0,6,0,0,-1,-1,-1,2,-1,7.666666666666667,1.75,25.0,25.0,25.0,25.0,25.0,25.0,25.0,25.0,-1.0,3.4883333333333333,25.0,25.0,0,0
B067,3.0,26,5,4,2.5454545454545454,12,0,1,27,5,4,3,3,7,3,4,5,5,7,6,4,3,1,8,2,8,1,3.0,0.0,4.0,4.0,7.0,9.0,3.0,7.0,16.0,19.0,15.0,4.0,5.0,10.0,9.0,25.0,7.0,0.0,1,0,4,2,1,1,8,1,2,3,4,1,1,0,2,0,0,0,0,0,0,0,1,-1,2.3333333333333335,0.25,25.0,9.370277777777778,25.0,25.0,25.0,25.0,25.0,25.0,25.0,25.0,25.0,25.0,0,0
B068,4.0,33,4,3,4.909090909090909,4,0,2,93,11,13,12,13,10,12,11,20,12,12,12,15,11,7,9,2,10,5,12.0,4.0,7.0,7.0,28.0,10.0,11.0,20.0,21.0,54.0,4.0,28.0,8.0,21.0,15.0,66.0,3.0,0.0,8,8,2,2,1,4,3,2,0,3,7,14,0,0,0,0,0,0,0,1,0,0,5,11,4.5,1.4166666666666667,25.0,25.0,25.0,25.0,25.0,25.0,25.0,25.0,12.938333333333333,25.0,25.0,25.0,0,0
B069,6.0,27,6,8,5.416666666666667,0,1,1,8,1,3,1,2,0,0,0,0,2,2,2,0,0,0,25,1,28,1,0.0,4.0,5.0,2.0,12.0,3.0,2.0,4.0,5.0,22.0,4.0,8.0,12.0,12.0,12.0,8.0,7.0,19.0,10,7,13,4,6,5,3,4,4,13,4,1,10,0,0,0,0,0,0,0,0,0,0,0,6.166666666666667,0.8333333333333334,25.0,25.0,25.0,25.0,25.0,25.0,25.0,25.0,25.0,25.0,25.0,25.0,0,0
B070,3.0,6,2,2,3.888888888888889,0,1,1,20,3,7,7,9,9,11,6,1,1,3,2,3,2,3,3,6,3,0,0.0,0.0,1.0,2.0,5.0,6.0,3.0,2.0,3.0,64.0,0.0,2.0,2.0,2.0,3.0,24.0,3.0,0.0,8,6,7,5,0,0,1,0,1,2,2,3,5,0,0,0,0,0,0,0,0,0,0,-1,2.9166666666666665,0.3333333333333333,25.0,25.0,25.0,25.0,23.886944444444445,8.490833333333333,25.0,7.159166666666668,25.0,25.0,25.0,25.0,0,0
B071,3.0,42,7,3,7.3,0,1,1,52,5,11,5,6,4,4,5,8,7,13,8,11,3,6,11,18,14,4,4.0,0.0,1.0,0.0,18.0,4.0,5.0,2.0,3.0,42.0,12.0,6.0,11.0,10.0,58.0,59.0,4.0,0.0,-69,5,0,6,2,3,13,10,11,8,12,16,-76,0,0,1,-1,0,7,0,0,1,6,12,1.4166666666666667,-4.166666666666667,0.0,25.0,8.669444444444444,25.0,25.0,25.0,25.0,25.0,25.0,25.0,25.0,25.0,0,0
B072,2.0,14,3,5,2.857142857142857,0,1,1,62,8,6,5,6,8,13,17,28,9,17,6,9,7,4,10,0,13,1,0.0,2.0,2.0,2.0,7.0,7.0,12.0,12.0,4.0,21.0,0.0,36.0,14.0,9.0,7.0,8.0,48.0,14.0,3,6,1,3,1,1,0,0,5,0,0,0,0,1,1,0,0,0,0,0,0,0,0,0,1.6666666666666667,0.16666666666666666,25.0,25.0,25.0,25.0,25.0,25.0,18.663888888888888,3.7624999999999993,25.0,2.4761111111111127,3.9669444444444437,3.707222222222221,1,0
B073,1.0,1,0,0,4.5,5,1,4,12,7,5,2,4,2,0,0,0,0,0,0,0,0,0,0,2,0,10,9.0,9.0,4.0,10.0,18.0,5.0,0.0,1.0,1.0,15.0,0.0,0.0,0.0,0.0,0.0,0.0,0.0,0.0,6,3,-1,-1,-1,-1,-1,-1,-1,-1,-1,-1,0,0,-1,-1,-1,-1,-1,-1,-1,-1,-1,-1,-0.08333333333333333,-0.8333333333333334,25.0,25.0,-1.0,-1.0,-1.0,-1.0,-1.0,-1.0,-1.0,-1.0,-1.0,-1.0,0,0
B074,2.0,31,5,5,5.571428571428571,3,1,3,33,0,1,2,1,3,5,3,4,8,6,5,5,5,3,10,5,13,10,1.0,1.0,0.0,2.0,11.0,8.0,3.0,10.0,15.0,12.0,11.0,10.0,7.0,6.0,21.0,13.0,4.0,40.0,1,1,0,0,1,0,14,0,0,4,11,7,1,0,0,0,0,0,0,0,0,0,0,0,3.25,0.08333333333333333,25.0,25.0,7.343888888888891,6.18277777777778,25.0,6.778055555555557,25.0,4.086111111111112,10.057222222222222,25.0,25.0,25.0,0,0
B075,2.0,14,4,1,9.0,0,1,1,12,1,3,3,2,1,1,2,0,0,1,1,3,3,0,7,1,8,13,0.0,0.0,0.0,7.0,8.0,6.0,3.0,12.0,12.0,6.0,5.0,7.0,0.0,3.0,13.0,10.0,4.0,12.0,0,0,0,0,2,0,14,-1,14,1,8,16,0,0,0,0,0,0,0,-1,0,0,-1,0,4.5,-0.16666666666666666,4.399999999999999,5.953888888888887,1.5913888888888899,3.9288888888888884,25.0,23.624444444444446,25.0,-1.0,25.0,25.0,25.0,25.0,0,0
B076,0.0,3,0,0,6.333333333333333,0,1,1,0,0,0,0,0,0,0,0,0,0,0,0,0,0,0,1,2,4,0,0.0,0.0,4.0,0.0,18.0,5.0,4.0,0.0,0.0,10.0,0.0,1.0,1.0,0.0,0.0,0.0,0.0,0.0,8,14,6,1,7,-1,2,0,-1,-1,-1,-1,8,0,0,-1,-1,-1,-1,-1,-1,-1,-1,-1,2.75,-0.08333333333333333,25.0,25.0,25.0,25.0,25.0,-1.0,25.0,7.191388888888888,-1.0,-1.0,-1.0,-1.0,0,0
B077,1.0,13,3,3,4.0,0,1,1,37,5,6,4,3,3,4,4,4,4,6,7,5,4,4,10,6,14,1,6.0,0.0,2.0,8.0,8.0,12.0,4.0,11.0,3.0,24.0,1.0,9.0,6.0,12.0,8.0,25.0,4.0,0.0,1,0,0,0,1,0,0,0,0,1,5,12,0,0,0,0,0,-1,0,0,0,0,0,-1,1.6666666666666667,-0.16666666666666666,25.0,9.841111111111111,10.221666666666666,10.058333333333334,25.0,6.466666666666665,6.225833333333334,6.211944444444441,10.147777777777778,25.0,25.0,25.0,0,0
B078,2.0,12,5,2,6.0,1,0,1,20,1,5,4,8,4,4,5,3,2,3,1,3,3,4,9,3,16,0,4.0,6.0,2.0,4.0,10.0,8.0,5.0,1.0,4.0,25.0,3.0,3.0,1.0,4.0,7.0,60.0,5.0,0.0,13,0,6,3,-1,1,0,-1,-1,0,2,11,6,-1,0,-1,-1,1,-1,-1,-1,0,2,11,2.75,1.1666666666666667,25.0,22.99972222222222,25.0,25.0,-1.0,25.0,1.4916666666666671,-1.0,-1.0,11.881944444444445,25.0,25.0,0,0
B079,4.0,27,4,7,3.909090909090909,13,0,3,92,9,7,9,10,6,7,4,3,5,18,22,20,13,7,11,5,16,6,1.0,7.0,3.0,13.0,19.0,14.0,8.0,14.0,13.0,27.0,5.0,18.0,10.0,11.0,29.0,17.0,11.0,56.0,3,5,3,3,6,4,3,1,1,8,6,0,2,1,2,0,0,1,1,0,0,0,0,0,3.5833333333333335,0.5833333333333334,25.0,25.0,25.0,25.0,25.0,25.0,25.0,25.0,25.0,25.0,25.0,8.150277777777777,1,0
B080,1.0,14,4,1,1.6,1,1,2,15,3,7,5,4,11,4,2,5,4,4,3,1,1,1,17,2,32,19,4.0,7.0,1.0,11.0,11.0,13.0,9.0,4.0,3.0,13.0,0.0,2.0,5.0,5.0,0.0,32.0,10.0,17.0,2,1,2,1,0,0,2,0,0,-1,-1,-1,0,0,0,0,0,0,-1,0,0,-1,-1,-1,0.4166666666666667,-0.3333333333333333,25.0,25.0,25.0,25.0,1.4416666666666664,12.413333333333332,25.0,15.027777777777777,5.059444444444445,-1.0,-1.0,-1.0,1,1
B081,2.0,24,6,3,0.0,0,1,1,9,10,7,4,4,4,8,1,1,2,2,2,0,2,1,23,7,26,2,0.0,1.0,0.0,2.0,8.0,9.0,4.0,3.0,6.0,26.0,6.0,7.0,17.0,6.0,18.0,23.0,4.0,0.0,0,0,0,0,0,0,0,0,0,0,0,-1,0,0,0,0,-1,-1,0,0,-1,-1,0,-1,-0.08333333333333333,-0.4166666666666667,8.175833333333333,1.9844444444444456,2.894722222222221,2.396111111111111,3.2197222222222237,1.7936111111111117,9.891666666666667,1.7966666666666669,1.5522222222222233,6.73138888888889,0.5586111111111123,-1.0,0,0
B082,6.0,32,4,3,9.416666666666666,7,1,5,61,6,4,3,8,7,5,6,5,8,8,8,13,13,6,13,2,22,10,2.0,9.0,6.0,4.0,8.0,8.0,6.0,5.0,13.0,35.0,11.0,4.0,24.0,12.0,22.0,35.0,8.0,1.0,14,15,7,12,9,5,14,3,4,7,9,16,5,0,2,0,0,2,0,0,0,0,5,5,9.583333333333334,1.5833333333333333,25.0,25.0,25.0,25.0,25.0,25.0,25.0,25.0,25.0,25.0,25.0,25.0,0,0
B083,5.0,38,8,3,6.7,0,1,1,45,4,6,8,5,4,8,5,6,6,9,8,8,6,4,14,5,17,4,4.0,3.0,12.0,7.0,11.0,9.0,8.0,8.0,25.0,22.0,1.0,10.0,17.0,17.0,28.0,60.0,0.0,0.0,7,14,0,7,7,0,3,2,4,8,7,14,0,0,0,0,0,0,3,1,2,0,6,-1,6.083333333333333,0.9166666666666666,25.0,25.0,14.614166666666668,25.0,25.0,11.152222222222221,25.0,25.0,25.0,25.0,25.0,25.0,0,0
B084,6.0,24,2,6,1.7142857142857142,11,0,1,42,6,6,8,5,9,9,7,5,4,6,9,11,7,2,2,6,5,1,4.0,1.0,4.0,8.0,22.0,8.0,7.0,12.0,19.0,19.0,7.0,10.0,16.0,10.0,17.0,6.0,34.0,5.0,1,2,0,1,3,0,0,0,3,0,2,1,1,0,0,0,0,0,0,0,0,0,1,0,1.0833333333333333,0.16666666666666666,25.0,25.0,13.544166666666667,25.0,25.0,8.642222222222223,10.06,10.626944444444444,25.0,11.006944444444445,25.0,25.0,0,0
B085,1.0,29,6,4,5.75,1,1,1,65,23,15,9,11,5,10,10,16,11,10,3,9,3,7,47,4,56,2,5.0,10.0,4.0,25.0,12.0,6.0,11.0,3.0,14.0,82.0,5.0,19.0,28.0,6.0,24.0,12.0,58.0,33.0,6,6,4,4,7,6,6,6,7,14,2,1,0,0,0,1,0,3,0,0,0,0,0,0,5.75,0.3333333333333333,25.0,25.0,25.0,25.0,25.0,25.0,25.0,25.0,25.0,25.0,25.0,25.0,0,0
B086,2.0,14,0,1,2.3333333333333335,7,0,1,56,1,3,2,1,2,5,7,13,2,9,9,12,13,7,0,4,4,8,2.0,7.0,3.0,10.0,3.0,0.0,1.0,6.0,4.0,20.0,11.0,7.0,5.0,4.0,9.0,58.0,20.0,3.0,2,3,-1,-1,4,-1,8,-1,0,1,0,3,0,-1,-1,-1,-1,-1,0,-1,-1,-1,-1,0,1.4166666666666667,-0.75,25.0,25.0,-1.0,-1.0,25.0,-1.0,25.0,-1.0,3.974166666666669,25.0,8.545833333333334,25.0,1,0
B087,6.0,102,15,4,10.0,0,1,1,33,10,10,8,4,7,8,2,1,3,8,9,6,2,1,1,0,2,0,2.0,4.0,5.0,2.0,17.0,13.0,2.0,10.0,24.0,37.0,19.0,9.0,19.0,16.0,22.0,23.0,15.0,5.0,14,15,13,15,12,3,15,3,7,14,1,8,8,1,-1,-1,-1,0,0,0,0,0,0,-1,10.0,0.4166666666666667,25.0,25.0,25.0,25.0,25.0,25.0,25.0,25.0,25.0,25.0,25.0,25.0,0,0
B088,4.0,26,3,2,6.1,0,1,1,4,2,2,1,1,0,1,1,1,0,1,0,0,1,0,5,2,7,15,6.0,5.0,6.0,2.0,8.0,3.0,8.0,4.0,8.0,3.0,2.0,4.0,3.0,10.0,16.0,12.0,2.0,0.0,7,2,6,3,0,3,12,0,3,3,8,14,7,0,0,0,0,0,0,0,0,3,7,13,5.083333333333333,2.5,25.0,25.0,25.0,25.0,12.4825,25.0,25.0,9.732777777777777,25.0,25.0,25.0,25.0,0,0
B089,4.0,15,2,2,3.4444444444444446,1,0,1,0,0,0,0,0,0,0,0,0,0,0,0,0,0,0,0,0,0,0,0.0,1.0,0.0,2.0,5.0,2.0,5.0,2.0,5.0,2.0,3.0,5.0,3.0,2.0,3.0,2.0,3.0,0.0,0,3,3,3,0,5,6,1,2,4,4,-1,0,0,0,0,0,0,0,0,0,0,0,-1,2.5,-0.08333333333333333,6.771111111111114,25.0,25.0,25.0,5.506666666666664,25.0,25.0,25.0,25.0,25.0,25.0,-1.0,0,0
B090,6.0,49,6,10,10.75,0,1,1,69,7,8,6,5,5,9,11,11,7,13,11,12,8,8,22,2,27,0,5.0,5.0,3.0,10.0,19.0,4.0,12.0,13.0,15.0,35.0,10.0,21.0,13.0,15.0,34.0,35.0,28.0,6.0,14,7,11,15,13,6,13,7,14,6,11,16,1,0,4,4,0,0,0,0,0,0,1,0,11.083333333333334,0.8333333333333334,25.0,25.0,25.0,25.0,25.0,25.0,25.0,25.0,25.0,25.0,25.0,25.0,0,0
B091,0.0,0,0,0,0.0,0,1,1,4,2,0,0,0,0,0,0,0,0,0,0,0,0,0,0,0,0,3,7.0,5.0,0.0,0.0,0.0,0.0,0.0,0.0,0.0,0.0,0.0,0.0,0.0,0.0,0.0,0.0,0.0,0.0,-1,-1,-1,-1,-1,-1,-1,-1,-1,-1,-1,-1,-1,-1,-1,-1,-1,-1,-1,-1,-1,-1,-1,-1,-1.0,-1.0,-1.0,-1.0,-1.0,-1.0,-1.0,-1.0,-1.0,-1.0,-1.0,-1.0,-1.0,-1.0,0,0
B092,5.0,16,2,4,5.5,8,0,2,30,4,3,3,8,4,4,1,8,3,5,10,4,3,1,6,1,6,1,6.0,2.0,3.0,4.0,6.0,6.0,4.0,8.0,7.0,21.0,2.0,11.0,4.0,4.0,10.0,27.0,6.0,0.0,7,14,0,6,1,0,0,0,6,5,11,3,0,0,0,0,0,0,0,0,0,0,0,3,4.416666666666667,0.25,25.0,25.0,12.20888888888889,25.0,25.0,13.723333333333333,9.07,7.737777777777779,25.0,25.0,25.0,25.0,0,0
B093,3.0,1,2,0,5.0,0,1,1,28,6,10,2,4,3,5,8,5,5,5,3,1,1,1,12,3,13,5,8.0,3.0,3.0,10.0,15.0,3.0,3.0,4.0,5.0,38.0,1.0,9.0,9.0,2.0,1.0,35.0,2.0,0.0,6,2,1,0,0,0,0,0,0,0,-1,11,0,0,0,0,-1,0,0,-1,-1,-1,-1,-1,1.5833333333333333,-0.5,25.0,25.0,25.0,1.7438888888888897,7.692777777777778,3.1011111111111127,13.315,5.34,1.5597222222222236,3.1288888888888877,-1.0,25.0,0,0
B094,2.0,43,12,7,2.4285714285714284,0,1,1,49,7,8,11,6,7,3,14,9,8,11,10,10,1,2,54,0,59,0,1.0,0.0,0.0,5.0,17.0,9.0,10.0,6.0,33.0,33.0,5.0,10.0,2.0,14.0,42.0,5.0,46.0,15.0,1,0,7,1,1,2,4,-1,0,0,0,1,0,0,0,0,1,1,0,-1,-1,0,0,0,1.3333333333333333,0.0,25.0,2.051666666666666,25.0,25.0,25.0,25.0,25.0,-1.0,2.703333333333333,6.168333333333333,2.0827777777777783,25.0,0,0
B095,6.0,36,5,6,3.5,0,1,1,70,9,8,8,5,11,11,8,8,8,10,8,21,10,6,5,3,7,17,4.0,3.0,7.0,10.0,12.0,20.0,11.0,13.0,8.0,29.0,6.0,18.0,15.0,19.0,14.0,41.0,13.0,2.0,14,1,2,1,8,1,2,3,2,1,6,13,3,0,0,0,0,0,0,1,0,0,0,0,4.5,0.3333333333333333,25.0,25.0,25.0,25.0,25.0,25.0,25.0,25.0,25.0,25.0,25.0,25.0,0,0
B096,5.0,75,17,4,11.083333333333334,4,0,1,59,11,5,4,9,6,8,9,4,4,12,11,8,10,6,19,3,23,1,6.0,16.0,4.0,5.0,22.0,20.0,11.0,13.0,22.0,57.0,16.0,18.0,15.0,21.0,27.0,53.0,12.0,2.0,14,15,13,15,13,11,15,14,5,14,12,17,6,0,0,0,0,0,0,0,0,0,0,0,13.166666666666666,0.5,25.0,25.0,25.0,25.0,25.0,25.0,25.0,25.0,25.0,25.0,25.0,25.0,0,0
B097,3.0,13,6,1,3.857142857142857,2,0,1,22,3,6,3,6,3,5,4,4,4,3,4,7,0,0,9,1,10,3,6.0,0.0,1.0,1.0,0.0,1.0,3.0,13.0,4.0,43.0,3.0,7.0,8.0,1.0,17.0,5.0,1.0,0.0,11,-1,2,4,0,0,1,1,1,0,7,-1,1,-1,-1,-1,-1,0,0,-1,-1,0,-1,-1,2.0833333333333335,-0.5833333333333334,25.0,-1.0,25.0,25.0,4.350277777777777,7.726666666666667,25.0,25.0,25.0,2.211944444444441,25.0,-1.0,0,0
B098,3.0,12,4,3,6.636363636363637,1,1,2,2,0,2,3,2,2,1,1,0,0,0,0,0,0,1,8,2,11,1,0.0,1.0,0.0,4.0,7.0,5.0,2.0,3.0,4.0,12.0,3.0,0.0,2.0,1.0,4.0,7.0,10.0,0.0,3,6,7,10,6,6,12,6,5,0,5,7,1,-1,3,0,0,0,-1,0,-1,-1,0,-1,6.083333333333333,-0.08333333333333333,25.0,25.0,25.0,25.0,25.0,25.0,25.0,25.0,25.0,14.930277777777778,25.0,25.0,0,0
B099,2.0,4,2,2,8.666666666666666,1,0,1,17,7,5,2,2,2,3,2,4,4,1,1,1,3,3,13,5,14,1,4.0,4.0,0.0,7.0,0.0,0.0,0.0,3.0,0.0,20.0,1.0,2.0,0.0,0.0,3.0,35.0,3.0,0.0,6,13,-1,-1,-1,7,0,-1,-1,-1,0,-1,6,-1,-1,-1,-1,7,-1,-1,-1,-1,0,-1,1.5833333333333333,0.3333333333333333,25.0,25.0,-1.0,-1.0,-1.0,25.0,9.211666666666666,-1.0,-1.0,-1.0,4.816666666666666,-1.0,0,0
B100,4.0,54,14,5,6.454545454545454,1,1,2,35,5,10,7,2,3,1,5,2,2,5,5,7,7,4,18,3,21,3,4.0,5.0,7.0,4.0,8.0,11.0,4.0,10.0,6.0,13.0,16.0,4.0,5.0,11.0,38.0,38.0,8.0,1.0,14,1,4,4,4,7,10,0,2,4,7,14,1,0,0,0,0,0,0,0,0,0,5,11,5.916666666666667,1.4166666666666667,25.0,25.0,25.0,25.0,25.0,25.0,25.0,14.32138888888889,25.0,25.0,25.0,25.0,0,0
B101,6.0,20,3,6,4.666666666666667,2,1,1,34,2,2,2,1,3,3,4,3,4,2,6,8,6,5,12,2,16,8,5.0,3.0,3.0,4.0,7.0,4.0,6.0,8.0,9.0,15.0,2.0,4.0,8.0,6.0,10.0,4.0,8.0,27.0,11,4,4,4,1,5,14,3,4,1,1,4,5,0,2,1,0,1,0,0,0,0,-1,0,4.666666666666667,0.6666666666666666,25.0,25.0,25.0,25.0,25.0,25.0,25.0,25.0,25.0,25.0,25.0,25.0,0,0
B102,3.0,22,6,12,5.0,0,1,1,35,2,0,1,7,5,5,5,2,5,4,4,7,13,2,31,3,40,0,0.0,2.0,0.0,0.0,2.0,2.0,4.0,7.0,12.0,1.0,1.0,0.0,0.0,0.0,0.0,90.0,36.0,0.0,-80,0,1,0,0,0,-1,-1,-1,-1,4,10,-84,-1,0,0,0,0,-1,-1,-1,-1,0,1,-5.75,-7.333333333333333,0.0,5.000277777777775,25.0,0.2558333333333316,4.04111111111111,1.4700000000000024,-1.0,-1.0,-1.0,-1.0,25.0,25.0,0,0
B103,1.0,26,7,3,4.181818181818182,0,1,1,39,8,12,6,5,6,4,6,9,5,10,6,5,5,3,2,5,3,2,3.0,3.0,14.0,8.0,5.0,8.0,9.0,1.0,11.0,8.0,21.0,7.0,15.0,17.0,10.0,17.0,3.0,27.0,8,8,1,3,10,1,8,1,2,1,3,0,7,1,0,2,9,1,5,0,0,1,1,-1,3.8333333333333335,2.1666666666666665,25.0,25.0,25.0,25.0,25.0,25.0,25.0,25.0,25.0,25.0,25.0,3.6594444444444463,0,0
B104,5.0,8,4,6,2.8181818181818183,17,0,1,68,7,7,3,9,9,7,9,5,4,9,12,16,11,9,10,4,12,0,6.0,1.0,7.0,7.0,20.0,18.0,3.0,14.0,10.0,17.0,5.0,20.0,12.0,18.0,14.0,6.0,20.0,16.0,3,2,2,3,2,3,3,1,4,2,0,6,1,0,1,-1,0,0,0,-1,0,0,-1,-1,2.5833333333333335,-0.16666666666666666,25.0,25.0,25.0,25.0,25.0,25.0,25.0,25.0,25.0,25.0,5.719444444444445,25.0,0,0
B105,0.0,1,0,0,6.0,1,0,1,12,7,7,2,2,0,0,0,0,0,0,0,0,0,0,1,0,1,5,5.0,1.0,5.0,5.0,27.0,2.0,0.0,1.0,0.0,0.0,0.0,0.0,0.0,0.0,1.0,0.0,0.0,0.0,-1,6,-1,-1,-1,-1,-1,-1,-1,-1,-1,-1,-1,0,-1,-1,-1,-1,-1,-1,-1,-1,-1,-1,-0.4166666666666667,-0.9166666666666666,-1.0,25.0,-1.0,-1.0,-1.0,-1.0,-1.0,-1.0,-1.0,-1.0,-1.0,-1.0,0,0
B106,2.0,14,2,2,6.571428571428571,0,1,1,4,0,0,0,1,0,1,0,0,0,1,0,1,1,0,4,3,4,6,3.0,0.0,1.0,4.0,1.0,3.0,2.0,3.0,1.0,3.0,3.0,3.0,1.0,1.0,10.0,16.0,6.0,0.0,6,7,0,6,0,7,0,0,0,3,5,12,0,-1,0,0,0,0,0,-1,-1,0,4,-1,3.8333333333333335,0.0,25.0,25.0,2.410277777777779,25.0,2.9683333333333337,25.0,2.84416666666667,1.2561111111111103,1.6144444444444446,25.0,25.0,25.0,0,0
B107,2.0,11,0,2,1.6363636363636365,12,0,2,44,2,1,6,8,2,3,5,4,9,7,5,4,13,4,0,3,0,1,1.0,1.0,1.0,5.0,8.0,8.0,5.0,6.0,6.0,20.0,6.0,5.0,6.0,15.0,16.0,20.0,5.0,1.0,1,3,2,2,2,-1,1,1,2,1,2,1,1,3,2,2,2,-1,1,1,2,1,2,1,1.4166666666666667,1.4166666666666667,25.0,25.0,25.0,25.0,25.0,-1.0,25.0,25.0,25.0,25.0,25.0,25.0,0,0
B108,4.0,18,5,3,8.0,10,1,3,93,13,6,2,12,14,23,16,27,15,23,20,14,6,5,30,2,32,10,6.0,10.0,9.0,11.0,7.0,9.0,9.0,27.0,29.0,55.0,13.0,42.0,22.0,23.0,41.0,8.0,0.0,0.0,14,13,9,13,3,7,8,4,5,5,10,15,9,2,6,1,1,0,0,0,2,2,4,-1,8.833333333333334,2.1666666666666665,25.0,25.0,25.0,25.0,25.0,25.0,25.0,25.0,25.0,25.0,25.0,25.0,0,0
B109,6.0,40,6,3,13.833333333333334,0,1,1,173,20,20,17,20,20,19,21,51,24,33,28,34,23,10,19,8,33,25,9.0,16.0,29.0,18.0,26.0,21.0,13.0,27.0,46.0,83.0,40.0,41.0,39.0,61.0,43.0,66.0,5.0,0.0,14,15,13,14,14,11,15,14,14,14,11,17,8,3,1,0,0,1,1,1,1,0,3,10,13.833333333333334,2.4166666666666665,25.0,25.0,25.0,25.0,25.0,25.0,25.0,25.0,25.0,25.0,25.0,25.0,0,0
B110,3.0,15,3,0,3.75,10,0,1,28,2,3,3,3,4,2,1,3,2,4,4,7,4,5,0,3,0,3,3.0,3.0,4.0,5.0,6.0,8.0,4.0,4.0,11.0,0.0,1.0,8.0,10.0,4.0,4.0,23.0,5.0,0.0,5,4,3,0,-1,0,0,3,0,0,-1,-1,3,4,0,0,-1,0,0,-1,0,0,-1,-1,1.0,0.25,25.0,25.0,25.0,6.404722222222222,-1.0,2.5666666666666664,11.107222222222223,25.0,3.140833333333333,1.1566666666666663,-1.0,-1.0,0,0
B111,6.0,33,6,3,13.545454545454545,4,1,3,31,5,5,4,11,11,12,9,7,2,4,5,7,4,5,12,1,14,9,3.0,7.0,11.0,3.0,11.0,4.0,12.0,28.0,11.0,25.0,5.0,10.0,13.0,12.0,19.0,3.0,8.0,12.0,14,15,13,15,14,11,15,14,0,14,12,17,-1,1,8,0,0,0,0,-1,0,-1,-1,-1,12.833333333333334,0.3333333333333333,25.0,25.0,25.0,25.0,25.0,25.0,25.0,25.0,23.001944444444444,25.0,25.0,25.0,0,0
B112,4.0,32,3,6,6.916666666666667,4,0,1,48,3,7,5,6,5,11,11,10,8,7,8,9,7,3,12,1,14,2,8.0,3.0,3.0,13.0,8.0,2.0,19.0,28.0,24.0,5.0,2.0,14.0,26.0,14.0,32.0,15.0,23.0,0.0,13,12,12,5,12,9,9,1,5,4,11,1,13,9,12,5,6,5,3,1,0,4,2,0,7.833333333333333,5.0,25.0,25.0,25.0,25.0,25.0,25.0,25.0,25.0,25.0,25.0,25.0,25.0,0,0
B113,5.0,15,4,1,8.25,2,1,2,64,12,13,12,7,7,11,5,10,5,10,13,11,7,5,10,6,14,6,5.0,18.0,2.0,8.0,30.0,6.0,9.0,4.0,18.0,62.0,36.0,0.0,9.0,19.0,8.0,10.0,6.0,41.0,14,0,1,0,-1,0,15,0,0,3,-1,0,2,0,0,0,-1,0,7,-1,0,-1,-1,0,2.5833333333333335,0.4166666666666667,25.0,3.9883333333333333,25.0,0.22500000000000142,-1.0,23.68777777777778,25.0,1.8191666666666642,3.3747222222222213,25.0,-1.0,5.62361111111111,1,0
B114,4.0,32,4,3,8.416666666666666,2,0,2,22,1,1,1,1,1,4,7,9,1,4,3,3,1,1,7,2,11,4,9.0,4.0,9.0,1.0,8.0,8.0,6.0,10.0,1.0,31.0,12.0,17.0,8.0,9.0,16.0,21.0,5.0,0.0,13,15,7,7,14,8,4,3,4,3,7,17,8,1,0,0,1,0,0,0,0,0,0,-1,8.5,0.75,25.0,25.0,25.0,25.0,25.0,25.0,25.0,25.0,25.0,25.0,25.0,25.0,0,0
B115,4.0,36,7,5,6.75,3,1,2,34,1,2,3,0,1,4,4,5,9,7,6,7,3,2,8,0,10,3,0.0,2.0,1.0,12.0,2.0,11.0,3.0,5.0,21.0,8.0,13.0,16.0,7.0,15.0,34.0,22.0,5.0,0.0,3,10,3,10,7,10,14,4,4,4,11,17,3,0,0,0,0,0,0,0,0,0,5,11,8.083333333333334,1.5833333333333333,25.0,25.0,25.0,25.0,25.0,25.0,25.0,25.0,25.0,25.0,25.0,25.0,0,0
B116,6.0,23,4,4,5.285714285714286,0,1,1,1,3,2,4,2,1,1,1,1,0,0,0,1,0,0,2,0,2,0,0.0,0.0,3.0,1.0,2.0,6.0,2.0,3.0,6.0,9.0,1.0,2.0,1.0,5.0,7.0,7.0,5.0,2.0,13,5,1,2,1,0,1,14,0,0,0,0,10,-1,0,0,-1,0,0,-1,0,0,0,-1,3.0833333333333335,0.5,25.0,25.0,25.0,25.0,25.0,6.154166666666669,25.0,25.0,5.268055555555556,4.164722222222224,6.34416666666667,5.478888888888889,0,0
B117,2.0,4,2,2,7.857142857142857,3,1,2,43,6,10,7,11,7,9,5,8,5,9,8,10,6,4,1,0,1,6,6.0,3.0,11.0,0.0,17.0,4.0,7.0,0.0,14.0,3.0,0.0,13.0,2.0,16.0,28.0,19.0,0.0,0.0,-71,0,1,0,-1,0,14,1,14,6,11,10,-77,0,-1,0,-1,0,0,-1,0,0,3,10,-1.25,-5.583333333333333,0.0,1.8805555555555564,25.0,1.3794444444444451,-1.0,1.7419444444444458,25.0,25.0,25.0,25.0,25.0,25.0,0,0
B118,3.0,21,2,5,2.75,0,1,1,36,3,5,3,5,4,3,2,6,4,4,3,9,12,2,8,2,9,19,2.0,3.0,8.0,4.0,16.0,6.0,7.0,11.0,3.0,10.0,1.0,10.0,9.0,10.0,16.0,6.0,13.0,24.0,8,1,2,4,4,0,0,0,0,1,1,1,1,0,1,0,0,0,-1,0,0,-1,0,0,1.8333333333333333,0.0,25.0,25.0,25.0,25.0,25.0,9.211388888888889,10.059444444444445,10.973888888888888,5.413888888888891,25.0,25.0,25.0,0,0
B119,1.0,0,0,0,0.0,0,1,1,1,0,0,0,1,1,3,0,0,1,0,0,0,0,0,0,1,0,0,0.0,0.0,0.0,0.0,2.0,0.0,0.0,0.0,2.0,1.0,0.0,0.0,0.0,0.0,0.0,1.0,0.0,7.0,-1,-1,-1,-1,-1,-1,-1,-1,-1,-1,-1,-1,-1,-1,-1,-1,-1,-1,-1,-1,-1,-1,-1,-1,-1.0,-1.0,-1.0,-1.0,-1.0,-1.0,-1.0,-1.0,-1.0,-1.0,-1.0,-1.0,-1.0,-1.0,0,0
